instance,method,run,seed,makespan,decode_calls,time,lower_bound,optimum,optimum_source,gap
mini3,Loc. Search,0,7,11,200000,0.878,10,11,bruteforce,0.0
mini3,Loc. Search,1,1007,11,200000,0.871,10,11,bruteforce,0.0
mini3,Loc. Search,2,2007,11,200000,0.891,10,11,bruteforce,0.0
mini3,Loc. Search,3,3007,11,200000,0.83,10,11,bruteforce,0.0
mini3,Loc. Search,4,4007,11,200000,0.832,10,11,bruteforce,0.0
mini3,Loc. Search,5,5007,11,200000,0.931,10,11,bruteforce,0.0
mini3,Loc. Search,6,6007,11,200000,0.937,10,11,bruteforce,0.0
mini3,Loc. Search,7,7007,11,200000,0.992,10,11,bruteforce,0.0
mini3,Loc. Search,8,8007,11,200000,0.955,10,11,bruteforce,0.0
mini3,Loc. Search,9,9007,11,200000,0.98,10,11,bruteforce,0.0
mini3,Loc. Search,10,10007,11,200000,1.028,10,11,bruteforce,0.0
mini3,Loc. Search,11,11007,11,200000,0.947,10,11,bruteforce,0.0
mini3,Loc. Search,12,12007,11,200000,0.95,10,11,bruteforce,0.0
mini3,Loc. Search,13,13007,11,200000,0.91,10,11,bruteforce,0.0
mini3,Loc. Search,14,14007,11,200000,1.019,10,11,bruteforce,0.0
mini3,Loc. Search,15,15007,11,200000,0.888,10,11,bruteforce,0.0
mini3,Loc. Search,16,16007,11,200000,1.034,10,11,bruteforce,0.0
mini3,Loc. Search,17,17007,11,200000,0.982,10,11,bruteforce,0.0
mini3,Loc. Search,18,18007,11,200000,1.037,10,11,bruteforce,0.0
mini3,Loc. Search,19,19007,11,200000,0.89,10,11,bruteforce,0.0
mini3,Loc. Search,20,20007,11,200000,0.942,10,11,bruteforce,0.0
mini3,Loc. Search,21,21007,11,200000,1.008,10,11,bruteforce,0.0
mini3,Loc. Search,22,22007,11,200000,0.967,10,11,bruteforce,0.0
mini3,Loc. Search,23,23007,11,200000,0.999,10,11,bruteforce,0.0
mini3,Loc. Search,24,24007,11,200000,1.002,10,11,bruteforce,0.0
mini3,Loc. Search,25,25007,11,200000,1.082,10,11,bruteforce,0.0
mini3,Loc. Search,26,26007,11,200000,0.965,10,11,bruteforce,0.0
mini3,Loc. Search,27,27007,11,200000,0.929,10,11,bruteforce,0.0
mini3,Loc. Search,28,28007,11,200000,0.948,10,11,bruteforce,0.0
mini3,Loc. Search,29,29007,11,200000,0.924,10,11,bruteforce,0.0
mini3,Annealing,0,7,11,200000,1.136,10,11,bruteforce,0.0
mini3,Annealing,1,1007,11,200000,1.354,10,11,bruteforce,0.0
mini3,Annealing,2,2007,11,200000,1.315,10,11,bruteforce,0.0
mini3,Annealing,3,3007,11,200000,1.227,10,11,bruteforce,0.0
mini3,Annealing,4,4007,11,200000,1.375,10,11,bruteforce,0.0
mini3,Annealing,5,5007,11,200000,1.269,10,11,bruteforce,0.0
mini3,Annealing,6,6007,11,200000,1.285,10,11,bruteforce,0.0
mini3,Annealing,7,7007,11,200000,1.25,10,11,bruteforce,0.0
mini3,Annealing,8,8007,11,200000,1.159,10,11,bruteforce,0.0
mini3,Annealing,9,9007,11,200000,1.316,10,11,bruteforce,0.0
mini3,Annealing,10,10007,11,200000,1.28,10,11,bruteforce,0.0
mini3,Annealing,11,11007,11,200000,1.287,10,11,bruteforce,0.0
mini3,Annealing,12,12007,11,200000,1.357,10,11,bruteforce,0.0
mini3,Annealing,13,13007,11,200000,1.284,10,11,bruteforce,0.0
mini3,Annealing,14,14007,11,200000,1.204,10,11,bruteforce,0.0
mini3,Annealing,15,15007,11,200000,1.369,10,11,bruteforce,0.0
mini3,Annealing,16,16007,11,200000,1.358,10,11,bruteforce,0.0
mini3,Annealing,17,17007,11,200000,1.321,10,11,bruteforce,0.0
mini3,Annealing,18,18007,11,200000,1.349,10,11,bruteforce,0.0
mini3,Annealing,19,19007,11,200000,1.326,10,11,bruteforce,0.0
mini3,Annealing,20,20007,11,200000,1.359,10,11,bruteforce,0.0
mini3,Annealing,21,21007,11,200000,1.317,10,11,bruteforce,0.0
mini3,Annealing,22,22007,11,200000,1.168,10,11,bruteforce,0.0
mini3,Annealing,23,23007,11,200000,1.313,10,11,bruteforce,0.0
mini3,Annealing,24,24007,11,200000,1.252,10,11,bruteforce,0.0
mini3,Annealing,25,25007,11,200000,1.255,10,11,bruteforce,0.0
mini3,Annealing,26,26007,11,200000,1.238,10,11,bruteforce,0.0
mini3,Annealing,27,27007,11,200000,1.245,10,11,bruteforce,0.0
mini3,Annealing,28,28007,11,200000,1.278,10,11,bruteforce,0.0
mini3,Annealing,29,29007,11,200000,1.284,10,11,bruteforce,0.0
mini3,VNS,0,7,11,200000,0.91,10,11,bruteforce,0.0
mini3,VNS,1,1007,11,200000,0.861,10,11,bruteforce,0.0
mini3,VNS,2,2007,11,200000,0.951,10,11,bruteforce,0.0
mini3,VNS,3,3007,11,200000,1.047,10,11,bruteforce,0.0
mini3,VNS,4,4007,11,200000,0.978,10,11,bruteforce,0.0
mini3,VNS,5,5007,11,200000,0.964,10,11,bruteforce,0.0
mini3,VNS,6,6007,11,200000,1.022,10,11,bruteforce,0.0
mini3,VNS,7,7007,11,200000,0.936,10,11,bruteforce,0.0
mini3,VNS,8,8007,11,200000,1.048,10,11,bruteforce,0.0
mini3,VNS,9,9007,11,200000,0.988,10,11,bruteforce,0.0
mini3,VNS,10,10007,11,200000,1.047,10,11,bruteforce,0.0
mini3,VNS,11,11007,11,200000,1.017,10,11,bruteforce,0.0
mini3,VNS,12,12007,11,200000,1.067,10,11,bruteforce,0.0
mini3,VNS,13,13007,11,200000,1.029,10,11,bruteforce,0.0
mini3,VNS,14,14007,11,200000,1.016,10,11,bruteforce,0.0
mini3,VNS,15,15007,11,200000,0.927,10,11,bruteforce,0.0
mini3,VNS,16,16007,11,200000,1.007,10,11,bruteforce,0.0
mini3,VNS,17,17007,11,200000,0.971,10,11,bruteforce,0.0
mini3,VNS,18,18007,11,200000,1.004,10,11,bruteforce,0.0
mini3,VNS,19,19007,11,200000,0.94,10,11,bruteforce,0.0
mini3,VNS,20,20007,11,200000,0.966,10,11,bruteforce,0.0
mini3,VNS,21,21007,11,200000,0.967,10,11,bruteforce,0.0
mini3,VNS,22,22007,11,200000,1.062,10,11,bruteforce,0.0
mini3,VNS,23,23007,11,200000,1.054,10,11,bruteforce,0.0
mini3,VNS,24,24007,11,200000,1.004,10,11,bruteforce,0.0
mini3,VNS,25,25007,11,200000,1.022,10,11,bruteforce,0.0
mini3,VNS,26,26007,11,200000,0.97,10,11,bruteforce,0.0
mini3,VNS,27,27007,11,200000,0.962,10,11,bruteforce,0.0
mini3,VNS,28,28007,11,200000,0.962,10,11,bruteforce,0.0
mini3,VNS,29,29007,11,200000,0.98,10,11,bruteforce,0.0
mini3,GA,0,7,11,200001,3.752,10,11,bruteforce,0.0
mini3,GA,1,1007,11,200001,3.619,10,11,bruteforce,0.0
mini3,GA,2,2007,11,200001,3.624,10,11,bruteforce,0.0
mini3,GA,3,3007,11,200001,3.55,10,11,bruteforce,0.0
mini3,GA,4,4007,11,200001,3.652,10,11,bruteforce,0.0
mini3,GA,5,5007,11,200001,3.65,10,11,bruteforce,0.0
mini3,GA,6,6007,11,200001,3.865,10,11,bruteforce,0.0
mini3,GA,7,7007,11,200001,3.604,10,11,bruteforce,0.0
mini3,GA,8,8007,11,200001,3.717,10,11,bruteforce,0.0
mini3,GA,9,9007,11,200001,3.531,10,11,bruteforce,0.0
mini3,GA,10,10007,11,200001,3.688,10,11,bruteforce,0.0
mini3,GA,11,11007,11,200001,3.556,10,11,bruteforce,0.0
mini3,GA,12,12007,11,200001,3.478,10,11,bruteforce,0.0
mini3,GA,13,13007,11,200001,3.468,10,11,bruteforce,0.0
mini3,GA,14,14007,11,200001,3.637,10,11,bruteforce,0.0
mini3,GA,15,15007,11,200001,3.525,10,11,bruteforce,0.0
mini3,GA,16,16007,11,200001,3.563,10,11,bruteforce,0.0
mini3,GA,17,17007,11,200001,3.585,10,11,bruteforce,0.0
mini3,GA,18,18007,11,200001,3.447,10,11,bruteforce,0.0
mini3,GA,19,19007,11,200001,3.627,10,11,bruteforce,0.0
mini3,GA,20,20007,11,200001,3.584,10,11,bruteforce,0.0
mini3,GA,21,21007,11,200001,3.56,10,11,bruteforce,0.0
mini3,GA,22,22007,11,200001,3.557,10,11,bruteforce,0.0
mini3,GA,23,23007,11,200001,3.335,10,11,bruteforce,0.0
mini3,GA,24,24007,11,200001,3.516,10,11,bruteforce,0.0
mini3,GA,25,25007,11,200001,3.611,10,11,bruteforce,0.0
mini3,GA,26,26007,11,200001,3.472,10,11,bruteforce,0.0
mini3,GA,27,27007,11,200001,3.552,10,11,bruteforce,0.0
mini3,GA,28,28007,11,200001,3.635,10,11,bruteforce,0.0
mini3,GA,29,29007,11,200001,3.62,10,11,bruteforce,0.0
ft06,Loc. Search,0,7,55,200000,2.194,47,55,Fisher & Thompson 1963,0.0
ft06,Loc. Search,1,1007,55,200000,2.328,47,55,Fisher & Thompson 1963,0.0
ft06,Loc. Search,2,2007,55,200000,2.255,47,55,Fisher & Thompson 1963,0.0
ft06,Loc. Search,3,3007,55,200000,2.307,47,55,Fisher & Thompson 1963,0.0
ft06,Loc. Search,4,4007,55,200000,2.264,47,55,Fisher & Thompson 1963,0.0
ft06,Loc. Search,5,5007,55,200000,2.241,47,55,Fisher & Thompson 1963,0.0
ft06,Loc. Search,6,6007,55,200000,2.338,47,55,Fisher & Thompson 1963,0.0
ft06,Loc. Search,7,7007,55,200000,2.338,47,55,Fisher & Thompson 1963,0.0
ft06,Loc. Search,8,8007,55,200000,2.305,47,55,Fisher & Thompson 1963,0.0
ft06,Loc. Search,9,9007,55,200000,2.25,47,55,Fisher & Thompson 1963,0.0
ft06,Loc. Search,10,10007,55,200000,2.298,47,55,Fisher & Thompson 1963,0.0
ft06,Loc. Search,11,11007,55,200000,2.337,47,55,Fisher & Thompson 1963,0.0
ft06,Loc. Search,12,12007,55,200000,2.222,47,55,Fisher & Thompson 1963,0.0
ft06,Loc. Search,13,13007,55,200000,2.339,47,55,Fisher & Thompson 1963,0.0
ft06,Loc. Search,14,14007,55,200000,2.097,47,55,Fisher & Thompson 1963,0.0
ft06,Loc. Search,15,15007,55,200000,2.233,47,55,Fisher & Thompson 1963,0.0
ft06,Loc. Search,16,16007,55,200000,2.226,47,55,Fisher & Thompson 1963,0.0
ft06,Loc. Search,17,17007,55,200000,2.362,47,55,Fisher & Thompson 1963,0.0
ft06,Loc. Search,18,18007,55,200000,2.3,47,55,Fisher & Thompson 1963,0.0
ft06,Loc. Search,19,19007,55,200000,2.313,47,55,Fisher & Thompson 1963,0.0
ft06,Loc. Search,20,20007,55,200000,2.38,47,55,Fisher & Thompson 1963,0.0
ft06,Loc. Search,21,21007,55,200000,2.215,47,55,Fisher & Thompson 1963,0.0
ft06,Loc. Search,22,22007,55,200000,2.162,47,55,Fisher & Thompson 1963,0.0
ft06,Loc. Search,23,23007,55,200000,2.431,47,55,Fisher & Thompson 1963,0.0
ft06,Loc. Search,24,24007,55,200000,2.426,47,55,Fisher & Thompson 1963,0.0
ft06,Loc. Search,25,25007,55,200000,2.555,47,55,Fisher & Thompson 1963,0.0
ft06,Loc. Search,26,26007,55,200000,2.269,47,55,Fisher & Thompson 1963,0.0
ft06,Loc. Search,27,27007,55,200000,2.519,47,55,Fisher & Thompson 1963,0.0
ft06,Loc. Search,28,28007,55,200000,2.395,47,55,Fisher & Thompson 1963,0.0
ft06,Loc. Search,29,29007,55,200000,2.388,47,55,Fisher & Thompson 1963,0.0
ft06,Annealing,0,7,55,200000,2.9,47,55,Fisher & Thompson 1963,0.0
ft06,Annealing,1,1007,55,200000,2.687,47,55,Fisher & Thompson 1963,0.0
ft06,Annealing,2,2007,55,200000,2.871,47,55,Fisher & Thompson 1963,0.0
ft06,Annealing,3,3007,55,200000,2.696,47,55,Fisher & Thompson 1963,0.0
ft06,Annealing,4,4007,55,200000,2.812,47,55,Fisher & Thompson 1963,0.0
ft06,Annealing,5,5007,55,200000,2.779,47,55,Fisher & Thompson 1963,0.0
ft06,Annealing,6,6007,55,200000,2.758,47,55,Fisher & Thompson 1963,0.0
ft06,Annealing,7,7007,55,200000,2.778,47,55,Fisher & Thompson 1963,0.0
ft06,Annealing,8,8007,55,200000,2.673,47,55,Fisher & Thompson 1963,0.0
ft06,Annealing,9,9007,55,200000,2.666,47,55,Fisher & Thompson 1963,0.0
ft06,Annealing,10,10007,55,200000,2.722,47,55,Fisher & Thompson 1963,0.0
ft06,Annealing,11,11007,55,200000,2.863,47,55,Fisher & Thompson 1963,0.0
ft06,Annealing,12,12007,55,200000,2.731,47,55,Fisher & Thompson 1963,0.0
ft06,Annealing,13,13007,55,200000,2.791,47,55,Fisher & Thompson 1963,0.0
ft06,Annealing,14,14007,55,200000,2.752,47,55,Fisher & Thompson 1963,0.0
ft06,Annealing,15,15007,55,200000,2.931,47,55,Fisher & Thompson 1963,0.0
ft06,Annealing,16,16007,55,200000,2.777,47,55,Fisher & Thompson 1963,0.0
ft06,Annealing,17,17007,55,200000,2.905,47,55,Fisher & Thompson 1963,0.0
ft06,Annealing,18,18007,55,200000,2.923,47,55,Fisher & Thompson 1963,0.0
ft06,Annealing,19,19007,55,200000,2.839,47,55,Fisher & Thompson 1963,0.0
ft06,Annealing,20,20007,55,200000,2.877,47,55,Fisher & Thompson 1963,0.0
ft06,Annealing,21,21007,55,200000,2.798,47,55,Fisher & Thompson 1963,0.0
ft06,Annealing,22,22007,55,200000,2.621,47,55,Fisher & Thompson 1963,0.0
ft06,Annealing,23,23007,55,200000,2.817,47,55,Fisher & Thompson 1963,0.0
ft06,Annealing,24,24007,55,200000,2.828,47,55,Fisher & Thompson 1963,0.0
ft06,Annealing,25,25007,55,200000,2.844,47,55,Fisher & Thompson 1963,0.0
ft06,Annealing,26,26007,55,200000,2.931,47,55,Fisher & Thompson 1963,0.0
ft06,Annealing,27,27007,55,200000,2.805,47,55,Fisher & Thompson 1963,0.0
ft06,Annealing,28,28007,55,200000,2.735,47,55,Fisher & Thompson 1963,0.0
ft06,Annealing,29,29007,55,200000,2.797,47,55,Fisher & Thompson 1963,0.0
ft06,VNS,0,7,55,200000,2.52,47,55,Fisher & Thompson 1963,0.0
ft06,VNS,1,1007,55,200000,2.469,47,55,Fisher & Thompson 1963,0.0
ft06,VNS,2,2007,55,200000,2.438,47,55,Fisher & Thompson 1963,0.0
ft06,VNS,3,3007,55,200000,2.408,47,55,Fisher & Thompson 1963,0.0
ft06,VNS,4,4007,55,200000,2.413,47,55,Fisher & Thompson 1963,0.0
ft06,VNS,5,5007,55,200000,2.538,47,55,Fisher & Thompson 1963,0.0
ft06,VNS,6,6007,55,200000,2.43,47,55,Fisher & Thompson 1963,0.0
ft06,VNS,7,7007,55,200000,2.5,47,55,Fisher & Thompson 1963,0.0
ft06,VNS,8,8007,55,200000,2.418,47,55,Fisher & Thompson 1963,0.0
ft06,VNS,9,9007,55,200000,2.571,47,55,Fisher & Thompson 1963,0.0
ft06,VNS,10,10007,55,200000,2.591,47,55,Fisher & Thompson 1963,0.0
ft06,VNS,11,11007,55,200000,2.616,47,55,Fisher & Thompson 1963,0.0
ft06,VNS,12,12007,55,200000,2.609,47,55,Fisher & Thompson 1963,0.0
ft06,VNS,13,13007,55,200000,2.475,47,55,Fisher & Thompson 1963,0.0
ft06,VNS,14,14007,55,200000,2.483,47,55,Fisher & Thompson 1963,0.0
ft06,VNS,15,15007,55,200000,2.413,47,55,Fisher & Thompson 1963,0.0
ft06,VNS,16,16007,55,200000,2.329,47,55,Fisher & Thompson 1963,0.0
ft06,VNS,17,17007,55,200000,2.429,47,55,Fisher & Thompson 1963,0.0
ft06,VNS,18,18007,55,200000,2.446,47,55,Fisher & Thompson 1963,0.0
ft06,VNS,19,19007,55,200000,2.326,47,55,Fisher & Thompson 1963,0.0
ft06,VNS,20,20007,55,200000,2.277,47,55,Fisher & Thompson 1963,0.0
ft06,VNS,21,21007,55,200000,2.358,47,55,Fisher & Thompson 1963,0.0
ft06,VNS,22,22007,55,200000,2.32,47,55,Fisher & Thompson 1963,0.0
ft06,VNS,23,23007,55,200000,2.447,47,55,Fisher & Thompson 1963,0.0
ft06,VNS,24,24007,55,200000,2.392,47,55,Fisher & Thompson 1963,0.0
ft06,VNS,25,25007,55,200000,2.488,47,55,Fisher & Thompson 1963,0.0
ft06,VNS,26,26007,55,200000,2.602,47,55,Fisher & Thompson 1963,0.0
ft06,VNS,27,27007,55,200000,2.431,47,55,Fisher & Thompson 1963,0.0
ft06,VNS,28,28007,55,200000,2.529,47,55,Fisher & Thompson 1963,0.0
ft06,VNS,29,29007,55,200000,2.543,47,55,Fisher & Thompson 1963,0.0
ft06,GA,0,7,55,200001,8.447,47,55,Fisher & Thompson 1963,0.0
ft06,GA,1,1007,55,200001,8.036,47,55,Fisher & Thompson 1963,0.0
ft06,GA,2,2007,55,200001,7.76,47,55,Fisher & Thompson 1963,0.0
ft06,GA,3,3007,55,200001,7.847,47,55,Fisher & Thompson 1963,0.0
ft06,GA,4,4007,55,200001,7.797,47,55,Fisher & Thompson 1963,0.0
ft06,GA,5,5007,55,200001,7.614,47,55,Fisher & Thompson 1963,0.0
ft06,GA,6,6007,55,200001,7.682,47,55,Fisher & Thompson 1963,0.0
ft06,GA,7,7007,55,200001,7.63,47,55,Fisher & Thompson 1963,0.0
ft06,GA,8,8007,55,200001,7.639,47,55,Fisher & Thompson 1963,0.0
ft06,GA,9,9007,55,200001,7.515,47,55,Fisher & Thompson 1963,0.0
ft06,GA,10,10007,55,200001,7.699,47,55,Fisher & Thompson 1963,0.0
ft06,GA,11,11007,55,200001,7.776,47,55,Fisher & Thompson 1963,0.0
ft06,GA,12,12007,55,200001,7.731,47,55,Fisher & Thompson 1963,0.0
ft06,GA,13,13007,55,200001,7.715,47,55,Fisher & Thompson 1963,0.0
ft06,GA,14,14007,55,200001,7.903,47,55,Fisher & Thompson 1963,0.0
ft06,GA,15,15007,55,200001,7.573,47,55,Fisher & Thompson 1963,0.0
ft06,GA,16,16007,55,200001,7.455,47,55,Fisher & Thompson 1963,0.0
ft06,GA,17,17007,55,200001,7.561,47,55,Fisher & Thompson 1963,0.0
ft06,GA,18,18007,55,200001,7.328,47,55,Fisher & Thompson 1963,0.0
ft06,GA,19,19007,55,200001,7.283,47,55,Fisher & Thompson 1963,0.0
ft06,GA,20,20007,55,200001,7.79,47,55,Fisher & Thompson 1963,0.0
ft06,GA,21,21007,55,200001,7.516,47,55,Fisher & Thompson 1963,0.0
ft06,GA,22,22007,55,200001,7.532,47,55,Fisher & Thompson 1963,0.0
ft06,GA,23,23007,55,200001,7.796,47,55,Fisher & Thompson 1963,0.0
ft06,GA,24,24007,55,200001,7.43,47,55,Fisher & Thompson 1963,0.0
ft06,GA,25,25007,55,200001,7.63,47,55,Fisher & Thompson 1963,0.0
ft06,GA,26,26007,55,200001,7.514,47,55,Fisher & Thompson 1963,0.0
ft06,GA,27,27007,55,200001,7.537,47,55,Fisher & Thompson 1963,0.0
ft06,GA,28,28007,55,200001,7.498,47,55,Fisher & Thompson 1963,0.0
ft06,GA,29,29007,55,200001,7.826,47,55,Fisher & Thompson 1963,0.0
la01,Loc. Search,0,7,666,200000,3.315,666,666,lower bound,0.0
la01,Loc. Search,1,1007,666,200000,3.479,666,666,lower bound,0.0
la01,Loc. Search,2,2007,666,200000,3.438,666,666,lower bound,0.0
la01,Loc. Search,3,3007,666,200000,3.47,666,666,lower bound,0.0
la01,Loc. Search,4,4007,666,200000,3.416,666,666,lower bound,0.0
la01,Loc. Search,5,5007,666,200000,3.041,666,666,lower bound,0.0
la01,Loc. Search,6,6007,666,200000,3.265,666,666,lower bound,0.0
la01,Loc. Search,7,7007,666,200000,3.548,666,666,lower bound,0.0
la01,Loc. Search,8,8007,666,200000,3.389,666,666,lower bound,0.0
la01,Loc. Search,9,9007,666,200000,3.417,666,666,lower bound,0.0
la01,Loc. Search,10,10007,666,200000,3.447,666,666,lower bound,0.0
la01,Loc. Search,11,11007,666,200000,3.396,666,666,lower bound,0.0
la01,Loc. Search,12,12007,666,200000,3.344,666,666,lower bound,0.0
la01,Loc. Search,13,13007,666,200000,3.469,666,666,lower bound,0.0
la01,Loc. Search,14,14007,666,200000,3.351,666,666,lower bound,0.0
la01,Loc. Search,15,15007,666,200000,3.259,666,666,lower bound,0.0
la01,Loc. Search,16,16007,666,200000,3.369,666,666,lower bound,0.0
la01,Loc. Search,17,17007,666,200000,3.472,666,666,lower bound,0.0
la01,Loc. Search,18,18007,666,200000,3.429,666,666,lower bound,0.0
la01,Loc. Search,19,19007,666,200000,3.465,666,666,lower bound,0.0
la01,Loc. Search,20,20007,666,200000,3.68,666,666,lower bound,0.0
la01,Loc. Search,21,21007,666,200000,3.525,666,666,lower bound,0.0
la01,Loc. Search,22,22007,666,200000,3.583,666,666,lower bound,0.0
la01,Loc. Search,23,23007,666,200000,3.561,666,666,lower bound,0.0
la01,Loc. Search,24,24007,666,200000,3.346,666,666,lower bound,0.0
la01,Loc. Search,25,25007,666,200000,3.352,666,666,lower bound,0.0
la01,Loc. Search,26,26007,666,200000,3.355,666,666,lower bound,0.0
la01,Loc. Search,27,27007,666,200000,3.421,666,666,lower bound,0.0
la01,Loc. Search,28,28007,666,200000,3.519,666,666,lower bound,0.0
la01,Loc. Search,29,29007,666,200000,3.595,666,666,lower bound,0.0
la01,Annealing,0,7,666,200000,3.789,666,666,lower bound,0.0
la01,Annealing,1,1007,666,200000,3.666,666,666,lower bound,0.0
la01,Annealing,2,2007,666,200000,3.984,666,666,lower bound,0.0
la01,Annealing,3,3007,666,200000,4.152,666,666,lower bound,0.0
la01,Annealing,4,4007,666,200000,4.243,666,666,lower bound,0.0
la01,Annealing,5,5007,666,200000,3.954,666,666,lower bound,0.0
la01,Annealing,6,6007,666,200000,3.996,666,666,lower bound,0.0
la01,Annealing,7,7007,666,200000,4.051,666,666,lower bound,0.0
la01,Annealing,8,8007,666,200000,4.116,666,666,lower bound,0.0
la01,Annealing,9,9007,666,200000,4.324,666,666,lower bound,0.0
la01,Annealing,10,10007,666,200000,4.106,666,666,lower bound,0.0
la01,Annealing,11,11007,666,200000,4.313,666,666,lower bound,0.0
la01,Annealing,12,12007,666,200000,4.149,666,666,lower bound,0.0
la01,Annealing,13,13007,666,200000,3.922,666,666,lower bound,0.0
la01,Annealing,14,14007,666,200000,4.08,666,666,lower bound,0.0
la01,Annealing,15,15007,666,200000,3.988,666,666,lower bound,0.0
la01,Annealing,16,16007,666,200000,3.9,666,666,lower bound,0.0
la01,Annealing,17,17007,666,200000,3.866,666,666,lower bound,0.0
la01,Annealing,18,18007,666,200000,3.69,666,666,lower bound,0.0
la01,Annealing,19,19007,666,200000,3.693,666,666,lower bound,0.0
la01,Annealing,20,20007,666,200000,3.644,666,666,lower bound,0.0
la01,Annealing,21,21007,666,200000,3.613,666,666,lower bound,0.0
la01,Annealing,22,22007,666,200000,3.949,666,666,lower bound,0.0
la01,Annealing,23,23007,666,200000,3.849,666,666,lower bound,0.0
la01,Annealing,24,24007,666,200000,3.769,666,666,lower bound,0.0
la01,Annealing,25,25007,666,200000,3.739,666,666,lower bound,0.0
la01,Annealing,26,26007,666,200000,3.637,666,666,lower bound,0.0
la01,Annealing,27,27007,666,200000,3.673,666,666,lower bound,0.0
la01,Annealing,28,28007,666,200000,3.59,666,666,lower bound,0.0
la01,Annealing,29,29007,666,200000,3.493,666,666,lower bound,0.0
la01,VNS,0,7,666,200000,3.342,666,666,lower bound,0.0
la01,VNS,1,1007,666,200000,3.464,666,666,lower bound,0.0
la01,VNS,2,2007,666,200000,3.394,666,666,lower bound,0.0
la01,VNS,3,3007,666,200000,3.655,666,666,lower bound,0.0
la01,VNS,4,4007,666,200000,3.565,666,666,lower bound,0.0
la01,VNS,5,5007,666,200000,3.749,666,666,lower bound,0.0
la01,VNS,6,6007,666,200000,3.786,666,666,lower bound,0.0
la01,VNS,7,7007,666,200000,3.802,666,666,lower bound,0.0
la01,VNS,8,8007,666,200000,3.826,666,666,lower bound,0.0
la01,VNS,9,9007,666,200000,3.813,666,666,lower bound,0.0
la01,VNS,10,10007,666,200000,3.756,666,666,lower bound,0.0
la01,VNS,11,11007,666,200000,3.779,666,666,lower bound,0.0
la01,VNS,12,12007,666,200000,3.811,666,666,lower bound,0.0
la01,VNS,13,13007,666,200000,3.665,666,666,lower bound,0.0
la01,VNS,14,14007,666,200000,3.676,666,666,lower bound,0.0
la01,VNS,15,15007,666,200000,3.686,666,666,lower bound,0.0
la01,VNS,16,16007,666,200000,3.833,666,666,lower bound,0.0
la01,VNS,17,17007,666,200000,3.681,666,666,lower bound,0.0
la01,VNS,18,18007,666,200000,3.68,666,666,lower bound,0.0
la01,VNS,19,19007,666,200000,3.752,666,666,lower bound,0.0
la01,VNS,20,20007,666,200000,3.53,666,666,lower bound,0.0
la01,VNS,21,21007,666,200000,3.586,666,666,lower bound,0.0
la01,VNS,22,22007,666,200000,3.66,666,666,lower bound,0.0
la01,VNS,23,23007,666,200000,3.798,666,666,lower bound,0.0
la01,VNS,24,24007,666,200000,3.859,666,666,lower bound,0.0
la01,VNS,25,25007,666,200000,3.515,666,666,lower bound,0.0
la01,VNS,26,26007,666,200000,3.869,666,666,lower bound,0.0
la01,VNS,27,27007,666,200000,3.68,666,666,lower bound,0.0
la01,VNS,28,28007,666,200000,3.807,666,666,lower bound,0.0
la01,VNS,29,29007,666,200000,3.906,666,666,lower bound,0.0
la01,GA,0,7,688,200001,11.155,666,666,lower bound,3.303303303303303
la01,GA,1,1007,666,200001,11.551,666,666,lower bound,0.0
la01,GA,2,2007,667,200001,10.412,666,666,lower bound,0.15015015015015015
la01,GA,3,3007,666,200001,10.712,666,666,lower bound,0.0
la01,GA,4,4007,666,200001,10.239,666,666,lower bound,0.0
la01,GA,5,5007,666,200001,10.299,666,666,lower bound,0.0
la01,GA,6,6007,688,200001,10.389,666,666,lower bound,3.303303303303303
la01,GA,7,7007,666,200001,10.384,666,666,lower bound,0.0
la01,GA,8,8007,666,200001,10.272,666,666,lower bound,0.0
la01,GA,9,9007,666,200001,10.042,666,666,lower bound,0.0
la01,GA,10,10007,687,200001,10.38,666,666,lower bound,3.153153153153153
la01,GA,11,11007,666,200001,10.336,666,666,lower bound,0.0
la01,GA,12,12007,688,200001,10.234,666,666,lower bound,3.303303303303303
la01,GA,13,13007,688,200001,10.316,666,666,lower bound,3.303303303303303
la01,GA,14,14007,666,200001,10.02,666,666,lower bound,0.0
la01,GA,15,15007,667,200001,10.566,666,666,lower bound,0.15015015015015015
la01,GA,16,16007,666,200001,10.748,666,666,lower bound,0.0
la01,GA,17,17007,667,200001,10.56,666,666,lower bound,0.15015015015015015
la01,GA,18,18007,666,200001,10.42,666,666,lower bound,0.0
la01,GA,19,19007,666,200001,10.264,666,666,lower bound,0.0
la01,GA,20,20007,666,200001,9.902,666,666,lower bound,0.0
la01,GA,21,21007,666,200001,9.837,666,666,lower bound,0.0
la01,GA,22,22007,678,200001,10.172,666,666,lower bound,1.8018018018018018
la01,GA,23,23007,666,200001,9.796,666,666,lower bound,0.0
la01,GA,24,24007,666,200001,9.666,666,666,lower bound,0.0
la01,GA,25,25007,666,200001,9.826,666,666,lower bound,0.0
la01,GA,26,26007,666,200001,9.212,666,666,lower bound,0.0
la01,GA,27,27007,688,200001,9.391,666,666,lower bound,3.303303303303303
la01,GA,28,28007,666,200001,9.432,666,666,lower bound,0.0
la01,GA,29,29007,666,200001,9.153,666,666,lower bound,0.0
la02,Loc. Search,0,7,666,200000,3.098,635,655,Lawrence 1984,1.6793893129770994
la02,Loc. Search,1,1007,665,200000,3.058,635,655,Lawrence 1984,1.5267175572519083
la02,Loc. Search,2,2007,663,200000,3.221,635,655,Lawrence 1984,1.2213740458015268
la02,Loc. Search,3,3007,682,200000,3.257,635,655,Lawrence 1984,4.122137404580153
la02,Loc. Search,4,4007,676,200000,3.333,635,655,Lawrence 1984,3.2061068702290076
la02,Loc. Search,5,5007,675,200000,3.343,635,655,Lawrence 1984,3.0534351145038165
la02,Loc. Search,6,6007,663,200000,3.175,635,655,Lawrence 1984,1.2213740458015268
la02,Loc. Search,7,7007,665,200000,3.275,635,655,Lawrence 1984,1.5267175572519083
la02,Loc. Search,8,8007,685,200000,3.303,635,655,Lawrence 1984,4.580152671755725
la02,Loc. Search,9,9007,673,200000,3.304,635,655,Lawrence 1984,2.7480916030534353
la02,Loc. Search,10,10007,673,200000,3.188,635,655,Lawrence 1984,2.7480916030534353
la02,Loc. Search,11,11007,685,200000,3.137,635,655,Lawrence 1984,4.580152671755725
la02,Loc. Search,12,12007,684,200000,3.085,635,655,Lawrence 1984,4.427480916030534
la02,Loc. Search,13,13007,666,200000,3.185,635,655,Lawrence 1984,1.6793893129770994
la02,Loc. Search,14,14007,666,200000,3.116,635,655,Lawrence 1984,1.6793893129770994
la02,Loc. Search,15,15007,674,200000,3.077,635,655,Lawrence 1984,2.900763358778626
la02,Loc. Search,16,16007,672,200000,3.197,635,655,Lawrence 1984,2.595419847328244
la02,Loc. Search,17,17007,667,200000,3.194,635,655,Lawrence 1984,1.8320610687022902
la02,Loc. Search,18,18007,679,200000,3.142,635,655,Lawrence 1984,3.6641221374045805
la02,Loc. Search,19,19007,680,200000,3.196,635,655,Lawrence 1984,3.816793893129771
la02,Loc. Search,20,20007,692,200000,3.128,635,655,Lawrence 1984,5.648854961832061
la02,Loc. Search,21,21007,679,200000,3.107,635,655,Lawrence 1984,3.6641221374045805
la02,Loc. Search,22,22007,676,200000,3.163,635,655,Lawrence 1984,3.2061068702290076
la02,Loc. Search,23,23007,667,200000,3.093,635,655,Lawrence 1984,1.8320610687022902
la02,Loc. Search,24,24007,672,200000,3.037,635,655,Lawrence 1984,2.595419847328244
la02,Loc. Search,25,25007,675,200000,3.112,635,655,Lawrence 1984,3.0534351145038165
la02,Loc. Search,26,26007,676,200000,2.998,635,655,Lawrence 1984,3.2061068702290076
la02,Loc. Search,27,27007,671,200000,3.036,635,655,Lawrence 1984,2.4427480916030535
la02,Loc. Search,28,28007,666,200000,3.035,635,655,Lawrence 1984,1.6793893129770994
la02,Loc. Search,29,29007,701,200000,3.047,635,655,Lawrence 1984,7.022900763358779
la02,Annealing,0,7,655,200000,3.346,635,655,Lawrence 1984,0.0
la02,Annealing,1,1007,655,200000,3.271,635,655,Lawrence 1984,0.0
la02,Annealing,2,2007,655,200000,3.37,635,655,Lawrence 1984,0.0
la02,Annealing,3,3007,665,200000,3.321,635,655,Lawrence 1984,1.5267175572519083
la02,Annealing,4,4007,667,200000,3.452,635,655,Lawrence 1984,1.8320610687022902
la02,Annealing,5,5007,655,200000,3.452,635,655,Lawrence 1984,0.0
la02,Annealing,6,6007,655,200000,3.487,635,655,Lawrence 1984,0.0
la02,Annealing,7,7007,655,200000,3.272,635,655,Lawrence 1984,0.0
la02,Annealing,8,8007,655,200000,3.361,635,655,Lawrence 1984,0.0
la02,Annealing,9,9007,655,200000,3.425,635,655,Lawrence 1984,0.0
la02,Annealing,10,10007,655,200000,3.386,635,655,Lawrence 1984,0.0
la02,Annealing,11,11007,655,200000,3.45,635,655,Lawrence 1984,0.0
la02,Annealing,12,12007,666,200000,3.508,635,655,Lawrence 1984,1.6793893129770994
la02,Annealing,13,13007,665,200000,3.351,635,655,Lawrence 1984,1.5267175572519083
la02,Annealing,14,14007,655,200000,3.324,635,655,Lawrence 1984,0.0
la02,Annealing,15,15007,655,200000,3.2,635,655,Lawrence 1984,0.0
la02,Annealing,16,16007,655,200000,3.314,635,655,Lawrence 1984,0.0
la02,Annealing,17,17007,655,200000,3.426,635,655,Lawrence 1984,0.0
la02,Annealing,18,18007,672,200000,3.373,635,655,Lawrence 1984,2.595419847328244
la02,Annealing,19,19007,667,200000,3.455,635,655,Lawrence 1984,1.8320610687022902
la02,Annealing,20,20007,662,200000,3.418,635,655,Lawrence 1984,1.0687022900763359
la02,Annealing,21,21007,655,200000,3.359,635,655,Lawrence 1984,0.0
la02,Annealing,22,22007,671,200000,3.431,635,655,Lawrence 1984,2.4427480916030535
la02,Annealing,23,23007,655,200000,3.402,635,655,Lawrence 1984,0.0
la02,Annealing,24,24007,662,200000,3.497,635,655,Lawrence 1984,1.0687022900763359
la02,Annealing,25,25007,655,200000,3.418,635,655,Lawrence 1984,0.0
la02,Annealing,26,26007,655,200000,3.366,635,655,Lawrence 1984,0.0
la02,Annealing,27,27007,655,200000,3.337,635,655,Lawrence 1984,0.0
la02,Annealing,28,28007,662,200000,3.39,635,655,Lawrence 1984,1.0687022900763359
la02,Annealing,29,29007,667,200000,3.367,635,655,Lawrence 1984,1.8320610687022902
la02,VNS,0,7,655,200000,3.143,635,655,Lawrence 1984,0.0
la02,VNS,1,1007,665,200000,3.12,635,655,Lawrence 1984,1.5267175572519083
la02,VNS,2,2007,665,200000,3.167,635,655,Lawrence 1984,1.5267175572519083
la02,VNS,3,3007,655,200000,3.114,635,655,Lawrence 1984,0.0
la02,VNS,4,4007,655,200000,3.201,635,655,Lawrence 1984,0.0
la02,VNS,5,5007,658,200000,3.139,635,655,Lawrence 1984,0.45801526717557256
la02,VNS,6,6007,655,200000,3.135,635,655,Lawrence 1984,0.0
la02,VNS,7,7007,665,200000,3.14,635,655,Lawrence 1984,1.5267175572519083
la02,VNS,8,8007,667,200000,3.115,635,655,Lawrence 1984,1.8320610687022902
la02,VNS,9,9007,655,200000,3.119,635,655,Lawrence 1984,0.0
la02,VNS,10,10007,655,200000,3.065,635,655,Lawrence 1984,0.0
la02,VNS,11,11007,655,200000,3.098,635,655,Lawrence 1984,0.0
la02,VNS,12,12007,655,200000,3.117,635,655,Lawrence 1984,0.0
la02,VNS,13,13007,667,200000,3.052,635,655,Lawrence 1984,1.8320610687022902
la02,VNS,14,14007,655,200000,2.957,635,655,Lawrence 1984,0.0
la02,VNS,15,15007,655,200000,2.897,635,655,Lawrence 1984,0.0
la02,VNS,16,16007,672,200000,3.022,635,655,Lawrence 1984,2.595419847328244
la02,VNS,17,17007,669,200000,2.977,635,655,Lawrence 1984,2.1374045801526718
la02,VNS,18,18007,667,200000,3.037,635,655,Lawrence 1984,1.8320610687022902
la02,VNS,19,19007,655,200000,3.11,635,655,Lawrence 1984,0.0
la02,VNS,20,20007,667,200000,2.985,635,655,Lawrence 1984,1.8320610687022902
la02,VNS,21,21007,655,200000,3.055,635,655,Lawrence 1984,0.0
la02,VNS,22,22007,655,200000,2.975,635,655,Lawrence 1984,0.0
la02,VNS,23,23007,655,200000,2.968,635,655,Lawrence 1984,0.0
la02,VNS,24,24007,667,200000,3.082,635,655,Lawrence 1984,1.8320610687022902
la02,VNS,25,25007,672,200000,3.105,635,655,Lawrence 1984,2.595419847328244
la02,VNS,26,26007,655,200000,3.058,635,655,Lawrence 1984,0.0
la02,VNS,27,27007,667,200000,3.014,635,655,Lawrence 1984,1.8320610687022902
la02,VNS,28,28007,672,200000,3.044,635,655,Lawrence 1984,2.595419847328244
la02,VNS,29,29007,655,200000,3.048,635,655,Lawrence 1984,0.0
la02,GA,0,7,664,200001,9.075,635,655,Lawrence 1984,1.3740458015267176
la02,GA,1,1007,666,200001,9.022,635,655,Lawrence 1984,1.6793893129770994
la02,GA,2,2007,671,200001,8.756,635,655,Lawrence 1984,2.4427480916030535
la02,GA,3,3007,665,200001,8.669,635,655,Lawrence 1984,1.5267175572519083
la02,GA,4,4007,684,200001,9.229,635,655,Lawrence 1984,4.427480916030534
la02,GA,5,5007,667,200001,8.852,635,655,Lawrence 1984,1.8320610687022902
la02,GA,6,6007,667,200001,8.692,635,655,Lawrence 1984,1.8320610687022902
la02,GA,7,7007,680,200001,8.896,635,655,Lawrence 1984,3.816793893129771
la02,GA,8,8007,667,200001,8.834,635,655,Lawrence 1984,1.8320610687022902
la02,GA,9,9007,667,200001,8.872,635,655,Lawrence 1984,1.8320610687022902
la02,GA,10,10007,669,200001,9.103,635,655,Lawrence 1984,2.1374045801526718
la02,GA,11,11007,673,200001,8.916,635,655,Lawrence 1984,2.7480916030534353
la02,GA,12,12007,676,200001,9.027,635,655,Lawrence 1984,3.2061068702290076
la02,GA,13,13007,671,200001,9.368,635,655,Lawrence 1984,2.4427480916030535
la02,GA,14,14007,676,200001,9.494,635,655,Lawrence 1984,3.2061068702290076
la02,GA,15,15007,666,200001,9.272,635,655,Lawrence 1984,1.6793893129770994
la02,GA,16,16007,708,200001,9.204,635,655,Lawrence 1984,8.091603053435115
la02,GA,17,17007,671,200001,9.07,635,655,Lawrence 1984,2.4427480916030535
la02,GA,18,18007,667,200001,9.141,635,655,Lawrence 1984,1.8320610687022902
la02,GA,19,19007,665,200001,9.153,635,655,Lawrence 1984,1.5267175572519083
la02,GA,20,20007,671,200001,9.255,635,655,Lawrence 1984,2.4427480916030535
la02,GA,21,21007,671,200001,8.975,635,655,Lawrence 1984,2.4427480916030535
la02,GA,22,22007,673,200001,9.036,635,655,Lawrence 1984,2.7480916030534353
la02,GA,23,23007,669,200001,9.018,635,655,Lawrence 1984,2.1374045801526718
la02,GA,24,24007,660,200001,8.732,635,655,Lawrence 1984,0.7633587786259541
la02,GA,25,25007,669,200001,9.045,635,655,Lawrence 1984,2.1374045801526718
la02,GA,26,26007,669,200001,9.018,635,655,Lawrence 1984,2.1374045801526718
la02,GA,27,27007,655,200001,9.032,635,655,Lawrence 1984,0.0
la02,GA,28,28007,655,200001,9.052,635,655,Lawrence 1984,0.0
la02,GA,29,29007,666,200001,9.116,635,655,Lawrence 1984,1.6793893129770994
la03,Loc. Search,0,7,619,200000,2.987,588,597,Lawrence 1984,3.6850921273031827
la03,Loc. Search,1,1007,628,200000,2.969,588,597,Lawrence 1984,5.192629815745393
la03,Loc. Search,2,2007,617,200000,2.911,588,597,Lawrence 1984,3.350083752093802
la03,Loc. Search,3,3007,627,200000,2.951,588,597,Lawrence 1984,5.025125628140704
la03,Loc. Search,4,4007,629,200000,3.039,588,597,Lawrence 1984,5.360134003350084
la03,Loc. Search,5,5007,617,200000,2.906,588,597,Lawrence 1984,3.350083752093802
la03,Loc. Search,6,6007,623,200000,2.97,588,597,Lawrence 1984,4.355108877721943
la03,Loc. Search,7,7007,632,200000,2.916,588,597,Lawrence 1984,5.8626465661641545
la03,Loc. Search,8,8007,626,200000,3.064,588,597,Lawrence 1984,4.857621440536013
la03,Loc. Search,9,9007,619,200000,2.999,588,597,Lawrence 1984,3.6850921273031827
la03,Loc. Search,10,10007,606,200000,3.025,588,597,Lawrence 1984,1.507537688442211
la03,Loc. Search,11,11007,638,200000,2.993,588,597,Lawrence 1984,6.867671691792294
la03,Loc. Search,12,12007,622,200000,3.081,588,597,Lawrence 1984,4.1876046901172534
la03,Loc. Search,13,13007,617,200000,2.985,588,597,Lawrence 1984,3.350083752093802
la03,Loc. Search,14,14007,627,200000,3.071,588,597,Lawrence 1984,5.025125628140704
la03,Loc. Search,15,15007,630,200000,2.986,588,597,Lawrence 1984,5.527638190954774
la03,Loc. Search,16,16007,626,200000,3.042,588,597,Lawrence 1984,4.857621440536013
la03,Loc. Search,17,17007,630,200000,3.09,588,597,Lawrence 1984,5.527638190954774
la03,Loc. Search,18,18007,622,200000,3.058,588,597,Lawrence 1984,4.1876046901172534
la03,Loc. Search,19,19007,603,200000,2.899,588,597,Lawrence 1984,1.0050251256281406
la03,Loc. Search,20,20007,628,200000,2.95,588,597,Lawrence 1984,5.192629815745393
la03,Loc. Search,21,21007,617,200000,2.892,588,597,Lawrence 1984,3.350083752093802
la03,Loc. Search,22,22007,630,200000,3.021,588,597,Lawrence 1984,5.527638190954774
la03,Loc. Search,23,23007,597,200000,3.047,588,597,Lawrence 1984,0.0
la03,Loc. Search,24,24007,626,200000,3.007,588,597,Lawrence 1984,4.857621440536013
la03,Loc. Search,25,25007,626,200000,2.902,588,597,Lawrence 1984,4.857621440536013
la03,Loc. Search,26,26007,635,200000,3.04,588,597,Lawrence 1984,6.365159128978225
la03,Loc. Search,27,27007,623,200000,3.024,588,597,Lawrence 1984,4.355108877721943
la03,Loc. Search,28,28007,646,200000,2.997,588,597,Lawrence 1984,8.207705192629817
la03,Loc. Search,29,29007,630,200000,3.032,588,597,Lawrence 1984,5.527638190954774
la03,Annealing,0,7,603,200000,3.323,588,597,Lawrence 1984,1.0050251256281406
la03,Annealing,1,1007,604,200000,3.406,588,597,Lawrence 1984,1.1725293132328307
la03,Annealing,2,2007,603,200000,3.269,588,597,Lawrence 1984,1.0050251256281406
la03,Annealing,3,3007,617,200000,3.119,588,597,Lawrence 1984,3.350083752093802
la03,Annealing,4,4007,617,200000,3.348,588,597,Lawrence 1984,3.350083752093802
la03,Annealing,5,5007,597,200000,3.404,588,597,Lawrence 1984,0.0
la03,Annealing,6,6007,603,200000,3.247,588,597,Lawrence 1984,1.0050251256281406
la03,Annealing,7,7007,604,200000,3.236,588,597,Lawrence 1984,1.1725293132328307
la03,Annealing,8,8007,617,200000,3.307,588,597,Lawrence 1984,3.350083752093802
la03,Annealing,9,9007,603,200000,3.313,588,597,Lawrence 1984,1.0050251256281406
la03,Annealing,10,10007,616,200000,3.294,588,597,Lawrence 1984,3.1825795644891124
la03,Annealing,11,11007,617,200000,3.335,588,597,Lawrence 1984,3.350083752093802
la03,Annealing,12,12007,597,200000,3.388,588,597,Lawrence 1984,0.0
la03,Annealing,13,13007,603,200000,3.067,588,597,Lawrence 1984,1.0050251256281406
la03,Annealing,14,14007,603,200000,3.088,588,597,Lawrence 1984,1.0050251256281406
la03,Annealing,15,15007,608,200000,2.995,588,597,Lawrence 1984,1.8425460636515913
la03,Annealing,16,16007,597,200000,3.013,588,597,Lawrence 1984,0.0
la03,Annealing,17,17007,614,200000,3.05,588,597,Lawrence 1984,2.8475711892797317
la03,Annealing,18,18007,613,200000,3.276,588,597,Lawrence 1984,2.680067001675042
la03,Annealing,19,19007,603,200000,3.257,588,597,Lawrence 1984,1.0050251256281406
la03,Annealing,20,20007,603,200000,3.157,588,597,Lawrence 1984,1.0050251256281406
la03,Annealing,21,21007,606,200000,3.032,588,597,Lawrence 1984,1.507537688442211
la03,Annealing,22,22007,603,200000,2.974,588,597,Lawrence 1984,1.0050251256281406
la03,Annealing,23,23007,597,200000,3.118,588,597,Lawrence 1984,0.0
la03,Annealing,24,24007,617,200000,3.178,588,597,Lawrence 1984,3.350083752093802
la03,Annealing,25,25007,604,200000,3.251,588,597,Lawrence 1984,1.1725293132328307
la03,Annealing,26,26007,598,200000,3.228,588,597,Lawrence 1984,0.16750418760469013
la03,Annealing,27,27007,603,200000,3.232,588,597,Lawrence 1984,1.0050251256281406
la03,Annealing,28,28007,597,200000,3.045,588,597,Lawrence 1984,0.0
la03,Annealing,29,29007,620,200000,3.044,588,597,Lawrence 1984,3.8525963149078724
la03,VNS,0,7,603,200000,2.76,588,597,Lawrence 1984,1.0050251256281406
la03,VNS,1,1007,604,200000,2.776,588,597,Lawrence 1984,1.1725293132328307
la03,VNS,2,2007,604,200000,2.83,588,597,Lawrence 1984,1.1725293132328307
la03,VNS,3,3007,604,200000,2.888,588,597,Lawrence 1984,1.1725293132328307
la03,VNS,4,4007,617,200000,3.017,588,597,Lawrence 1984,3.350083752093802
la03,VNS,5,5007,603,200000,2.9,588,597,Lawrence 1984,1.0050251256281406
la03,VNS,6,6007,597,200000,2.84,588,597,Lawrence 1984,0.0
la03,VNS,7,7007,613,200000,2.947,588,597,Lawrence 1984,2.680067001675042
la03,VNS,8,8007,617,200000,3.127,588,597,Lawrence 1984,3.350083752093802
la03,VNS,9,9007,604,200000,3.228,588,597,Lawrence 1984,1.1725293132328307
la03,VNS,10,10007,604,200000,3.356,588,597,Lawrence 1984,1.1725293132328307
la03,VNS,11,11007,617,200000,3.287,588,597,Lawrence 1984,3.350083752093802
la03,VNS,12,12007,604,200000,3.443,588,597,Lawrence 1984,1.1725293132328307
la03,VNS,13,13007,617,200000,3.537,588,597,Lawrence 1984,3.350083752093802
la03,VNS,14,14007,614,200000,3.386,588,597,Lawrence 1984,2.8475711892797317
la03,VNS,15,15007,604,200000,3.481,588,597,Lawrence 1984,1.1725293132328307
la03,VNS,16,16007,606,200000,3.56,588,597,Lawrence 1984,1.507537688442211
la03,VNS,17,17007,605,200000,3.464,588,597,Lawrence 1984,1.340033500837521
la03,VNS,18,18007,605,200000,3.268,588,597,Lawrence 1984,1.340033500837521
la03,VNS,19,19007,614,200000,3.447,588,597,Lawrence 1984,2.8475711892797317
la03,VNS,20,20007,597,200000,3.46,588,597,Lawrence 1984,0.0
la03,VNS,21,21007,620,200000,3.516,588,597,Lawrence 1984,3.8525963149078724
la03,VNS,22,22007,603,200000,3.613,588,597,Lawrence 1984,1.0050251256281406
la03,VNS,23,23007,604,200000,3.507,588,597,Lawrence 1984,1.1725293132328307
la03,VNS,24,24007,605,200000,3.463,588,597,Lawrence 1984,1.340033500837521
la03,VNS,25,25007,620,200000,3.63,588,597,Lawrence 1984,3.8525963149078724
la03,VNS,26,26007,604,200000,3.415,588,597,Lawrence 1984,1.1725293132328307
la03,VNS,27,27007,597,200000,3.745,588,597,Lawrence 1984,0.0
la03,VNS,28,28007,617,200000,3.658,588,597,Lawrence 1984,3.350083752093802
la03,VNS,29,29007,605,200000,3.462,588,597,Lawrence 1984,1.340033500837521
la03,GA,0,7,628,200001,10.602,588,597,Lawrence 1984,5.192629815745393
la03,GA,1,1007,622,200001,10.306,588,597,Lawrence 1984,4.1876046901172534
la03,GA,2,2007,647,200001,10.183,588,597,Lawrence 1984,8.375209380234507
la03,GA,3,3007,619,200001,11.646,588,597,Lawrence 1984,3.6850921273031827
la03,GA,4,4007,657,200001,10.325,588,597,Lawrence 1984,10.050251256281408
la03,GA,5,5007,622,200001,10.615,588,597,Lawrence 1984,4.1876046901172534
la03,GA,6,6007,622,200001,9.313,588,597,Lawrence 1984,4.1876046901172534
la03,GA,7,7007,633,200001,9.686,588,597,Lawrence 1984,6.030150753768844
la03,GA,8,8007,608,200001,9.789,588,597,Lawrence 1984,1.8425460636515913
la03,GA,9,9007,617,200001,10.336,588,597,Lawrence 1984,3.350083752093802
la03,GA,10,10007,614,200001,10.026,588,597,Lawrence 1984,2.8475711892797317
la03,GA,11,11007,619,200001,9.969,588,597,Lawrence 1984,3.6850921273031827
la03,GA,12,12007,617,200001,9.533,588,597,Lawrence 1984,3.350083752093802
la03,GA,13,13007,632,200001,8.982,588,597,Lawrence 1984,5.8626465661641545
la03,GA,14,14007,617,200001,9.987,588,597,Lawrence 1984,3.350083752093802
la03,GA,15,15007,619,200001,9.97,588,597,Lawrence 1984,3.6850921273031827
la03,GA,16,16007,630,200001,10.102,588,597,Lawrence 1984,5.527638190954774
la03,GA,17,17007,657,200001,9.072,588,597,Lawrence 1984,10.050251256281408
la03,GA,18,18007,641,200001,9.476,588,597,Lawrence 1984,7.370184254606365
la03,GA,19,19007,624,200001,9.95,588,597,Lawrence 1984,4.522613065326634
la03,GA,20,20007,604,200001,10.3,588,597,Lawrence 1984,1.1725293132328307
la03,GA,21,21007,625,200001,9.996,588,597,Lawrence 1984,4.690117252931323
la03,GA,22,22007,604,200001,9.855,588,597,Lawrence 1984,1.1725293132328307
la03,GA,23,23007,622,200001,10.126,588,597,Lawrence 1984,4.1876046901172534
la03,GA,24,24007,617,200001,10.04,588,597,Lawrence 1984,3.350083752093802
la03,GA,25,25007,621,200001,9.884,588,597,Lawrence 1984,4.0201005025125625
la03,GA,26,26007,632,200001,9.759,588,597,Lawrence 1984,5.8626465661641545
la03,GA,27,27007,614,200001,9.954,588,597,Lawrence 1984,2.8475711892797317
la03,GA,28,28007,657,200001,9.827,588,597,Lawrence 1984,10.050251256281408
la03,GA,29,29007,628,200001,9.876,588,597,Lawrence 1984,5.192629815745393
la04,Loc. Search,0,7,612,200000,3.374,537,590,Lawrence 1984,3.728813559322034
la04,Loc. Search,1,1007,624,200000,3.479,537,590,Lawrence 1984,5.762711864406779
la04,Loc. Search,2,2007,604,200000,3.509,537,590,Lawrence 1984,2.3728813559322033
la04,Loc. Search,3,3007,602,200000,3.465,537,590,Lawrence 1984,2.0338983050847457
la04,Loc. Search,4,4007,595,200000,3.407,537,590,Lawrence 1984,0.847457627118644
la04,Loc. Search,5,5007,600,200000,3.413,537,590,Lawrence 1984,1.694915254237288
la04,Loc. Search,6,6007,607,200000,3.457,537,590,Lawrence 1984,2.8813559322033897
la04,Loc. Search,7,7007,614,200000,3.445,537,590,Lawrence 1984,4.067796610169491
la04,Loc. Search,8,8007,604,200000,3.491,537,590,Lawrence 1984,2.3728813559322033
la04,Loc. Search,9,9007,611,200000,3.49,537,590,Lawrence 1984,3.5593220338983054
la04,Loc. Search,10,10007,607,200000,3.392,537,590,Lawrence 1984,2.8813559322033897
la04,Loc. Search,11,11007,611,200000,3.376,537,590,Lawrence 1984,3.5593220338983054
la04,Loc. Search,12,12007,611,200000,3.335,537,590,Lawrence 1984,3.5593220338983054
la04,Loc. Search,13,13007,605,200000,3.576,537,590,Lawrence 1984,2.5423728813559325
la04,Loc. Search,14,14007,595,200000,3.75,537,590,Lawrence 1984,0.847457627118644
la04,Loc. Search,15,15007,618,200000,3.64,537,590,Lawrence 1984,4.745762711864407
la04,Loc. Search,16,16007,607,200000,3.775,537,590,Lawrence 1984,2.8813559322033897
la04,Loc. Search,17,17007,607,200000,3.646,537,590,Lawrence 1984,2.8813559322033897
la04,Loc. Search,18,18007,611,200000,3.628,537,590,Lawrence 1984,3.5593220338983054
la04,Loc. Search,19,19007,607,200000,3.591,537,590,Lawrence 1984,2.8813559322033897
la04,Loc. Search,20,20007,607,200000,3.581,537,590,Lawrence 1984,2.8813559322033897
la04,Loc. Search,21,21007,594,200000,3.718,537,590,Lawrence 1984,0.6779661016949152
la04,Loc. Search,22,22007,611,200000,3.622,537,590,Lawrence 1984,3.5593220338983054
la04,Loc. Search,23,23007,598,200000,3.69,537,590,Lawrence 1984,1.3559322033898304
la04,Loc. Search,24,24007,601,200000,3.556,537,590,Lawrence 1984,1.864406779661017
la04,Loc. Search,25,25007,611,200000,3.389,537,590,Lawrence 1984,3.5593220338983054
la04,Loc. Search,26,26007,618,200000,3.447,537,590,Lawrence 1984,4.745762711864407
la04,Loc. Search,27,27007,607,200000,3.519,537,590,Lawrence 1984,2.8813559322033897
la04,Loc. Search,28,28007,607,200000,3.378,537,590,Lawrence 1984,2.8813559322033897
la04,Loc. Search,29,29007,620,200000,3.368,537,590,Lawrence 1984,5.084745762711865
la04,Annealing,0,7,590,200000,3.612,537,590,Lawrence 1984,0.0
la04,Annealing,1,1007,590,200000,3.691,537,590,Lawrence 1984,0.0
la04,Annealing,2,2007,590,200000,3.832,537,590,Lawrence 1984,0.0
la04,Annealing,3,3007,595,200000,3.781,537,590,Lawrence 1984,0.847457627118644
la04,Annealing,4,4007,590,200000,3.858,537,590,Lawrence 1984,0.0
la04,Annealing,5,5007,590,200000,3.795,537,590,Lawrence 1984,0.0
la04,Annealing,6,6007,590,200000,3.746,537,590,Lawrence 1984,0.0
la04,Annealing,7,7007,593,200000,3.684,537,590,Lawrence 1984,0.5084745762711864
la04,Annealing,8,8007,595,200000,3.83,537,590,Lawrence 1984,0.847457627118644
la04,Annealing,9,9007,590,200000,3.697,537,590,Lawrence 1984,0.0
la04,Annealing,10,10007,595,200000,3.579,537,590,Lawrence 1984,0.847457627118644
la04,Annealing,11,11007,590,200000,3.677,537,590,Lawrence 1984,0.0
la04,Annealing,12,12007,590,200000,3.556,537,590,Lawrence 1984,0.0
la04,Annealing,13,13007,590,200000,3.689,537,590,Lawrence 1984,0.0
la04,Annealing,14,14007,590,200000,3.703,537,590,Lawrence 1984,0.0
la04,Annealing,15,15007,590,200000,3.671,537,590,Lawrence 1984,0.0
la04,Annealing,16,16007,590,200000,3.543,537,590,Lawrence 1984,0.0
la04,Annealing,17,17007,590,200000,3.711,537,590,Lawrence 1984,0.0
la04,Annealing,18,18007,590,200000,3.615,537,590,Lawrence 1984,0.0
la04,Annealing,19,19007,595,200000,3.667,537,590,Lawrence 1984,0.847457627118644
la04,Annealing,20,20007,593,200000,3.608,537,590,Lawrence 1984,0.5084745762711864
la04,Annealing,21,21007,593,200000,3.523,537,590,Lawrence 1984,0.5084745762711864
la04,Annealing,22,22007,590,200000,3.704,537,590,Lawrence 1984,0.0
la04,Annealing,23,23007,595,200000,3.614,537,590,Lawrence 1984,0.847457627118644
la04,Annealing,24,24007,590,200000,3.606,537,590,Lawrence 1984,0.0
la04,Annealing,25,25007,590,200000,3.7,537,590,Lawrence 1984,0.0
la04,Annealing,26,26007,590,200000,3.645,537,590,Lawrence 1984,0.0
la04,Annealing,27,27007,590,200000,3.638,537,590,Lawrence 1984,0.0
la04,Annealing,28,28007,590,200000,3.635,537,590,Lawrence 1984,0.0
la04,Annealing,29,29007,593,200000,3.554,537,590,Lawrence 1984,0.5084745762711864
la04,VNS,0,7,598,200000,3.685,537,590,Lawrence 1984,1.3559322033898304
la04,VNS,1,1007,590,200000,3.541,537,590,Lawrence 1984,0.0
la04,VNS,2,2007,593,200000,3.456,537,590,Lawrence 1984,0.5084745762711864
la04,VNS,3,3007,598,200000,3.592,537,590,Lawrence 1984,1.3559322033898304
la04,VNS,4,4007,595,200000,3.613,537,590,Lawrence 1984,0.847457627118644
la04,VNS,5,5007,595,200000,3.554,537,590,Lawrence 1984,0.847457627118644
la04,VNS,6,6007,590,200000,3.452,537,590,Lawrence 1984,0.0
la04,VNS,7,7007,590,200000,3.599,537,590,Lawrence 1984,0.0
la04,VNS,8,8007,593,200000,3.431,537,590,Lawrence 1984,0.5084745762711864
la04,VNS,9,9007,590,200000,3.51,537,590,Lawrence 1984,0.0
la04,VNS,10,10007,590,200000,3.41,537,590,Lawrence 1984,0.0
la04,VNS,11,11007,595,200000,3.469,537,590,Lawrence 1984,0.847457627118644
la04,VNS,12,12007,590,200000,3.468,537,590,Lawrence 1984,0.0
la04,VNS,13,13007,593,200000,3.398,537,590,Lawrence 1984,0.5084745762711864
la04,VNS,14,14007,593,200000,3.433,537,590,Lawrence 1984,0.5084745762711864
la04,VNS,15,15007,590,200000,3.37,537,590,Lawrence 1984,0.0
la04,VNS,16,16007,595,200000,3.489,537,590,Lawrence 1984,0.847457627118644
la04,VNS,17,17007,590,200000,3.328,537,590,Lawrence 1984,0.0
la04,VNS,18,18007,590,200000,3.432,537,590,Lawrence 1984,0.0
la04,VNS,19,19007,598,200000,3.454,537,590,Lawrence 1984,1.3559322033898304
la04,VNS,20,20007,598,200000,3.438,537,590,Lawrence 1984,1.3559322033898304
la04,VNS,21,21007,598,200000,3.432,537,590,Lawrence 1984,1.3559322033898304
la04,VNS,22,22007,603,200000,3.455,537,590,Lawrence 1984,2.2033898305084745
la04,VNS,23,23007,607,200000,3.374,537,590,Lawrence 1984,2.8813559322033897
la04,VNS,24,24007,590,200000,3.276,537,590,Lawrence 1984,0.0
la04,VNS,25,25007,595,200000,3.228,537,590,Lawrence 1984,0.847457627118644
la04,VNS,26,26007,595,200000,3.225,537,590,Lawrence 1984,0.847457627118644
la04,VNS,27,27007,595,200000,3.406,537,590,Lawrence 1984,0.847457627118644
la04,VNS,28,28007,590,200000,3.271,537,590,Lawrence 1984,0.0
la04,VNS,29,29007,595,200000,3.283,537,590,Lawrence 1984,0.847457627118644
la04,GA,0,7,595,200001,9.564,537,590,Lawrence 1984,0.847457627118644
la04,GA,1,1007,598,200001,9.847,537,590,Lawrence 1984,1.3559322033898304
la04,GA,2,2007,598,200001,12.731,537,590,Lawrence 1984,1.3559322033898304
la04,GA,3,3007,607,200001,10.169,537,590,Lawrence 1984,2.8813559322033897
la04,GA,4,4007,607,200001,9.76,537,590,Lawrence 1984,2.8813559322033897
la04,GA,5,5007,601,200001,10.023,537,590,Lawrence 1984,1.864406779661017
la04,GA,6,6007,598,200001,9.804,537,590,Lawrence 1984,1.3559322033898304
la04,GA,7,7007,598,200001,9.659,537,590,Lawrence 1984,1.3559322033898304
la04,GA,8,8007,607,200001,10.083,537,590,Lawrence 1984,2.8813559322033897
la04,GA,9,9007,607,200001,10.168,537,590,Lawrence 1984,2.8813559322033897
la04,GA,10,10007,648,200001,9.819,537,590,Lawrence 1984,9.830508474576272
la04,GA,11,11007,598,200001,9.768,537,590,Lawrence 1984,1.3559322033898304
la04,GA,12,12007,598,200001,9.68,537,590,Lawrence 1984,1.3559322033898304
la04,GA,13,13007,632,200001,10.029,537,590,Lawrence 1984,7.118644067796611
la04,GA,14,14007,611,200001,9.706,537,590,Lawrence 1984,3.5593220338983054
la04,GA,15,15007,613,200001,9.467,537,590,Lawrence 1984,3.898305084745763
la04,GA,16,16007,642,200001,13.9,537,590,Lawrence 1984,8.813559322033898
la04,GA,17,17007,618,200001,10.724,537,590,Lawrence 1984,4.745762711864407
la04,GA,18,18007,598,200001,10.162,537,590,Lawrence 1984,1.3559322033898304
la04,GA,19,19007,611,200001,10.057,537,590,Lawrence 1984,3.5593220338983054
la04,GA,20,20007,613,200001,9.87,537,590,Lawrence 1984,3.898305084745763
la04,GA,21,21007,590,200001,9.907,537,590,Lawrence 1984,0.0
la04,GA,22,22007,590,200001,10.54,537,590,Lawrence 1984,0.0
la04,GA,23,23007,607,200001,9.997,537,590,Lawrence 1984,2.8813559322033897
la04,GA,24,24007,613,200001,10.186,537,590,Lawrence 1984,3.898305084745763
la04,GA,25,25007,598,200001,9.915,537,590,Lawrence 1984,1.3559322033898304
la04,GA,26,26007,607,200001,9.93,537,590,Lawrence 1984,2.8813559322033897
la04,GA,27,27007,590,200001,10.141,537,590,Lawrence 1984,0.0
la04,GA,28,28007,598,200001,9.861,537,590,Lawrence 1984,1.3559322033898304
la04,GA,29,29007,590,200001,9.813,537,590,Lawrence 1984,0.0
la05,Loc. Search,0,7,593,200000,3.446,593,593,donja granica = optimum,0.0
la05,Loc. Search,1,1007,593,200000,3.359,593,593,donja granica = optimum,0.0
la05,Loc. Search,2,2007,593,200000,3.324,593,593,donja granica = optimum,0.0
la05,Loc. Search,3,3007,593,200000,3.469,593,593,donja granica = optimum,0.0
la05,Loc. Search,4,4007,593,200000,3.365,593,593,donja granica = optimum,0.0
la05,Loc. Search,5,5007,593,200000,3.43,593,593,donja granica = optimum,0.0
la05,Loc. Search,6,6007,593,200000,3.389,593,593,donja granica = optimum,0.0
la05,Loc. Search,7,7007,593,200000,3.373,593,593,donja granica = optimum,0.0
la05,Loc. Search,8,8007,593,200000,3.396,593,593,donja granica = optimum,0.0
la05,Loc. Search,9,9007,593,200000,3.473,593,593,donja granica = optimum,0.0
la05,Loc. Search,10,10007,593,200000,3.406,593,593,donja granica = optimum,0.0
la05,Loc. Search,11,11007,593,200000,3.523,593,593,donja granica = optimum,0.0
la05,Loc. Search,12,12007,593,200000,3.296,593,593,donja granica = optimum,0.0
la05,Loc. Search,13,13007,593,200000,3.391,593,593,donja granica = optimum,0.0
la05,Loc. Search,14,14007,593,200000,3.274,593,593,donja granica = optimum,0.0
la05,Loc. Search,15,15007,593,200000,3.277,593,593,donja granica = optimum,0.0
la05,Loc. Search,16,16007,593,200000,3.42,593,593,donja granica = optimum,0.0
la05,Loc. Search,17,17007,593,200000,3.52,593,593,donja granica = optimum,0.0
la05,Loc. Search,18,18007,593,200000,3.569,593,593,donja granica = optimum,0.0
la05,Loc. Search,19,19007,593,200000,3.411,593,593,donja granica = optimum,0.0
la05,Loc. Search,20,20007,593,200000,3.477,593,593,donja granica = optimum,0.0
la05,Loc. Search,21,21007,593,200000,3.429,593,593,donja granica = optimum,0.0
la05,Loc. Search,22,22007,593,200000,3.458,593,593,donja granica = optimum,0.0
la05,Loc. Search,23,23007,593,200000,3.375,593,593,donja granica = optimum,0.0
la05,Loc. Search,24,24007,593,200000,3.528,593,593,donja granica = optimum,0.0
la05,Loc. Search,25,25007,593,200000,3.418,593,593,donja granica = optimum,0.0
la05,Loc. Search,26,26007,593,200000,6.402,593,593,donja granica = optimum,0.0
la05,Loc. Search,27,27007,593,200000,4.952,593,593,donja granica = optimum,0.0
la05,Loc. Search,28,28007,593,200000,3.574,593,593,donja granica = optimum,0.0
la05,Loc. Search,29,29007,593,200000,3.631,593,593,donja granica = optimum,0.0
la05,Annealing,0,7,593,200000,4.086,593,593,donja granica = optimum,0.0
la05,Annealing,1,1007,593,200000,3.873,593,593,donja granica = optimum,0.0
la05,Annealing,2,2007,593,200000,3.779,593,593,donja granica = optimum,0.0
la05,Annealing,3,3007,593,200000,3.733,593,593,donja granica = optimum,0.0
la05,Annealing,4,4007,593,200000,3.859,593,593,donja granica = optimum,0.0
la05,Annealing,5,5007,593,200000,3.768,593,593,donja granica = optimum,0.0
la05,Annealing,6,6007,593,200000,3.806,593,593,donja granica = optimum,0.0
la05,Annealing,7,7007,593,200000,3.771,593,593,donja granica = optimum,0.0
la05,Annealing,8,8007,593,200000,3.688,593,593,donja granica = optimum,0.0
la05,Annealing,9,9007,593,200000,3.623,593,593,donja granica = optimum,0.0
la05,Annealing,10,10007,593,200000,3.649,593,593,donja granica = optimum,0.0
la05,Annealing,11,11007,593,200000,3.742,593,593,donja granica = optimum,0.0
la05,Annealing,12,12007,593,200000,3.628,593,593,donja granica = optimum,0.0
la05,Annealing,13,13007,593,200000,3.719,593,593,donja granica = optimum,0.0
la05,Annealing,14,14007,593,200000,3.745,593,593,donja granica = optimum,0.0
la05,Annealing,15,15007,593,200000,3.97,593,593,donja granica = optimum,0.0
la05,Annealing,16,16007,593,200000,3.955,593,593,donja granica = optimum,0.0
la05,Annealing,17,17007,593,200000,3.873,593,593,donja granica = optimum,0.0
la05,Annealing,18,18007,593,200000,3.834,593,593,donja granica = optimum,0.0
la05,Annealing,19,19007,593,200000,3.586,593,593,donja granica = optimum,0.0
la05,Annealing,20,20007,593,200000,3.808,593,593,donja granica = optimum,0.0
la05,Annealing,21,21007,593,200000,3.657,593,593,donja granica = optimum,0.0
la05,Annealing,22,22007,593,200000,3.71,593,593,donja granica = optimum,0.0
la05,Annealing,23,23007,593,200000,3.827,593,593,donja granica = optimum,0.0
la05,Annealing,24,24007,593,200000,3.77,593,593,donja granica = optimum,0.0
la05,Annealing,25,25007,593,200000,3.823,593,593,donja granica = optimum,0.0
la05,Annealing,26,26007,593,200000,3.9,593,593,donja granica = optimum,0.0
la05,Annealing,27,27007,593,200000,3.736,593,593,donja granica = optimum,0.0
la05,Annealing,28,28007,593,200000,3.896,593,593,donja granica = optimum,0.0
la05,Annealing,29,29007,593,200000,3.679,593,593,donja granica = optimum,0.0
la05,VNS,0,7,593,200000,3.499,593,593,donja granica = optimum,0.0
la05,VNS,1,1007,593,200000,3.5,593,593,donja granica = optimum,0.0
la05,VNS,2,2007,593,200000,3.478,593,593,donja granica = optimum,0.0
la05,VNS,3,3007,593,200000,3.392,593,593,donja granica = optimum,0.0
la05,VNS,4,4007,593,200000,3.465,593,593,donja granica = optimum,0.0
la05,VNS,5,5007,593,200000,3.56,593,593,donja granica = optimum,0.0
la05,VNS,6,6007,593,200000,3.389,593,593,donja granica = optimum,0.0
la05,VNS,7,7007,593,200000,3.348,593,593,donja granica = optimum,0.0
la05,VNS,8,8007,593,200000,3.343,593,593,donja granica = optimum,0.0
la05,VNS,9,9007,593,200000,3.485,593,593,donja granica = optimum,0.0
la05,VNS,10,10007,593,200000,3.364,593,593,donja granica = optimum,0.0
la05,VNS,11,11007,593,200000,3.38,593,593,donja granica = optimum,0.0
la05,VNS,12,12007,593,200000,3.289,593,593,donja granica = optimum,0.0
la05,VNS,13,13007,593,200000,3.426,593,593,donja granica = optimum,0.0
la05,VNS,14,14007,593,200000,3.434,593,593,donja granica = optimum,0.0
la05,VNS,15,15007,593,200000,3.21,593,593,donja granica = optimum,0.0
la05,VNS,16,16007,593,200000,3.129,593,593,donja granica = optimum,0.0
la05,VNS,17,17007,593,200000,3.459,593,593,donja granica = optimum,0.0
la05,VNS,18,18007,593,200000,3.416,593,593,donja granica = optimum,0.0
la05,VNS,19,19007,593,200000,3.585,593,593,donja granica = optimum,0.0
la05,VNS,20,20007,593,200000,3.401,593,593,donja granica = optimum,0.0
la05,VNS,21,21007,593,200000,3.543,593,593,donja granica = optimum,0.0
la05,VNS,22,22007,593,200000,3.368,593,593,donja granica = optimum,0.0
la05,VNS,23,23007,593,200000,3.13,593,593,donja granica = optimum,0.0
la05,VNS,24,24007,593,200000,3.469,593,593,donja granica = optimum,0.0
la05,VNS,25,25007,593,200000,3.307,593,593,donja granica = optimum,0.0
la05,VNS,26,26007,593,200000,3.383,593,593,donja granica = optimum,0.0
la05,VNS,27,27007,593,200000,3.484,593,593,donja granica = optimum,0.0
la05,VNS,28,28007,593,200000,3.446,593,593,donja granica = optimum,0.0
la05,VNS,29,29007,593,200000,3.428,593,593,donja granica = optimum,0.0
la05,GA,0,7,593,200001,10.12,593,593,donja granica = optimum,0.0
la05,GA,1,1007,593,200001,10.217,593,593,donja granica = optimum,0.0
la05,GA,2,2007,593,200001,10.095,593,593,donja granica = optimum,0.0
la05,GA,3,3007,593,200001,10.186,593,593,donja granica = optimum,0.0
la05,GA,4,4007,593,200001,10.003,593,593,donja granica = optimum,0.0
la05,GA,5,5007,593,200001,10.174,593,593,donja granica = optimum,0.0
la05,GA,6,6007,593,200001,10.321,593,593,donja granica = optimum,0.0
la05,GA,7,7007,593,200001,10.135,593,593,donja granica = optimum,0.0
la05,GA,8,8007,593,200001,10.09,593,593,donja granica = optimum,0.0
la05,GA,9,9007,593,200001,10.338,593,593,donja granica = optimum,0.0
la05,GA,10,10007,593,200001,10.037,593,593,donja granica = optimum,0.0
la05,GA,11,11007,593,200001,9.784,593,593,donja granica = optimum,0.0
la05,GA,12,12007,593,200001,9.787,593,593,donja granica = optimum,0.0
la05,GA,13,13007,593,200001,10.21,593,593,donja granica = optimum,0.0
la05,GA,14,14007,593,200001,9.897,593,593,donja granica = optimum,0.0
la05,GA,15,15007,593,200001,10.215,593,593,donja granica = optimum,0.0
la05,GA,16,16007,593,200001,10.166,593,593,donja granica = optimum,0.0
la05,GA,17,17007,593,200001,10.017,593,593,donja granica = optimum,0.0
la05,GA,18,18007,593,200001,10.031,593,593,donja granica = optimum,0.0
la05,GA,19,19007,593,200001,10.175,593,593,donja granica = optimum,0.0
la05,GA,20,20007,593,200001,10.088,593,593,donja granica = optimum,0.0
la05,GA,21,21007,593,200001,12.559,593,593,donja granica = optimum,0.0
la05,GA,22,22007,593,200001,13.516,593,593,donja granica = optimum,0.0
la05,GA,23,23007,593,200001,10.21,593,593,donja granica = optimum,0.0
la05,GA,24,24007,593,200001,10.385,593,593,donja granica = optimum,0.0
la05,GA,25,25007,593,200001,10.583,593,593,donja granica = optimum,0.0
la05,GA,26,26007,593,200001,10.473,593,593,donja granica = optimum,0.0
la05,GA,27,27007,593,200001,10.422,593,593,donja granica = optimum,0.0
la05,GA,28,28007,593,200001,10.335,593,593,donja granica = optimum,0.0
la05,GA,29,29007,593,200001,10.053,593,593,donja granica = optimum,0.0
ft10,Loc. Search,0,7,1060,200000,6.335,655,930,Fisher & Thompson 1963,13.978494623655912
ft10,Loc. Search,1,1007,1095,200000,6.538,655,930,Fisher & Thompson 1963,17.741935483870968
ft10,Loc. Search,2,2007,1054,200000,6.899,655,930,Fisher & Thompson 1963,13.333333333333334
ft10,Loc. Search,3,3007,1002,200000,6.938,655,930,Fisher & Thompson 1963,7.741935483870968
ft10,Loc. Search,4,4007,1063,200000,6.816,655,930,Fisher & Thompson 1963,14.301075268817204
ft10,Loc. Search,5,5007,1002,200000,6.67,655,930,Fisher & Thompson 1963,7.741935483870968
ft10,Loc. Search,6,6007,1026,200000,6.803,655,930,Fisher & Thompson 1963,10.32258064516129
ft10,Loc. Search,7,7007,1056,200000,6.916,655,930,Fisher & Thompson 1963,13.548387096774196
ft10,Loc. Search,8,8007,1086,200000,6.303,655,930,Fisher & Thompson 1963,16.7741935483871
ft10,Loc. Search,9,9007,1074,200000,6.748,655,930,Fisher & Thompson 1963,15.483870967741936
ft10,Loc. Search,10,10007,1024,200000,6.493,655,930,Fisher & Thompson 1963,10.10752688172043
ft10,Loc. Search,11,11007,1086,200000,6.415,655,930,Fisher & Thompson 1963,16.7741935483871
ft10,Loc. Search,12,12007,1109,200000,6.572,655,930,Fisher & Thompson 1963,19.247311827956988
ft10,Loc. Search,13,13007,1049,200000,6.126,655,930,Fisher & Thompson 1963,12.795698924731184
ft10,Loc. Search,14,14007,1084,200000,6.606,655,930,Fisher & Thompson 1963,16.559139784946236
ft10,Loc. Search,15,15007,1073,200000,6.426,655,930,Fisher & Thompson 1963,15.376344086021506
ft10,Loc. Search,16,16007,1071,200000,7.03,655,930,Fisher & Thompson 1963,15.161290322580644
ft10,Loc. Search,17,17007,1032,200000,6.086,655,930,Fisher & Thompson 1963,10.967741935483872
ft10,Loc. Search,18,18007,1053,200000,5.871,655,930,Fisher & Thompson 1963,13.225806451612904
ft10,Loc. Search,19,19007,1055,200000,6.02,655,930,Fisher & Thompson 1963,13.440860215053762
ft10,Loc. Search,20,20007,1065,200000,6.276,655,930,Fisher & Thompson 1963,14.516129032258066
ft10,Loc. Search,21,21007,1034,200000,6.111,655,930,Fisher & Thompson 1963,11.182795698924732
ft10,Loc. Search,22,22007,1056,200000,6.429,655,930,Fisher & Thompson 1963,13.548387096774196
ft10,Loc. Search,23,23007,1086,200000,6.321,655,930,Fisher & Thompson 1963,16.7741935483871
ft10,Loc. Search,24,24007,1120,200000,6.233,655,930,Fisher & Thompson 1963,20.43010752688172
ft10,Loc. Search,25,25007,1007,200000,6.35,655,930,Fisher & Thompson 1963,8.279569892473118
ft10,Loc. Search,26,26007,1075,200000,6.472,655,930,Fisher & Thompson 1963,15.591397849462366
ft10,Loc. Search,27,27007,1039,200000,6.33,655,930,Fisher & Thompson 1963,11.720430107526882
ft10,Loc. Search,28,28007,1057,200000,6.248,655,930,Fisher & Thompson 1963,13.655913978494624
ft10,Loc. Search,29,29007,1096,200000,6.303,655,930,Fisher & Thompson 1963,17.8494623655914
ft10,Annealing,0,7,981,200000,6.72,655,930,Fisher & Thompson 1963,5.483870967741936
ft10,Annealing,1,1007,976,200000,6.768,655,930,Fisher & Thompson 1963,4.946236559139785
ft10,Annealing,2,2007,974,200000,6.563,655,930,Fisher & Thompson 1963,4.731182795698925
ft10,Annealing,3,3007,951,200000,6.743,655,930,Fisher & Thompson 1963,2.258064516129032
ft10,Annealing,4,4007,967,200000,6.55,655,930,Fisher & Thompson 1963,3.978494623655914
ft10,Annealing,5,5007,960,200000,6.6,655,930,Fisher & Thompson 1963,3.225806451612903
ft10,Annealing,6,6007,966,200000,6.838,655,930,Fisher & Thompson 1963,3.870967741935484
ft10,Annealing,7,7007,975,200000,7.4,655,930,Fisher & Thompson 1963,4.838709677419355
ft10,Annealing,8,8007,956,200000,7.421,655,930,Fisher & Thompson 1963,2.795698924731183
ft10,Annealing,9,9007,953,200000,7.257,655,930,Fisher & Thompson 1963,2.4731182795698925
ft10,Annealing,10,10007,946,200000,6.676,655,930,Fisher & Thompson 1963,1.7204301075268817
ft10,Annealing,11,11007,955,200000,6.796,655,930,Fisher & Thompson 1963,2.6881720430107525
ft10,Annealing,12,12007,937,200000,6.846,655,930,Fisher & Thompson 1963,0.7526881720430108
ft10,Annealing,13,13007,951,200000,6.808,655,930,Fisher & Thompson 1963,2.258064516129032
ft10,Annealing,14,14007,956,200000,7.273,655,930,Fisher & Thompson 1963,2.795698924731183
ft10,Annealing,15,15007,963,200000,7.503,655,930,Fisher & Thompson 1963,3.5483870967741935
ft10,Annealing,16,16007,996,200000,7.584,655,930,Fisher & Thompson 1963,7.096774193548387
ft10,Annealing,17,17007,980,200000,6.776,655,930,Fisher & Thompson 1963,5.376344086021505
ft10,Annealing,18,18007,951,200000,7.009,655,930,Fisher & Thompson 1963,2.258064516129032
ft10,Annealing,19,19007,975,200000,6.951,655,930,Fisher & Thompson 1963,4.838709677419355
ft10,Annealing,20,20007,1001,200000,6.853,655,930,Fisher & Thompson 1963,7.634408602150537
ft10,Annealing,21,21007,955,200000,6.096,655,930,Fisher & Thompson 1963,2.6881720430107525
ft10,Annealing,22,22007,949,200000,6.992,655,930,Fisher & Thompson 1963,2.043010752688172
ft10,Annealing,23,23007,975,200000,6.822,655,930,Fisher & Thompson 1963,4.838709677419355
ft10,Annealing,24,24007,967,200000,6.939,655,930,Fisher & Thompson 1963,3.978494623655914
ft10,Annealing,25,25007,972,200000,6.807,655,930,Fisher & Thompson 1963,4.516129032258064
ft10,Annealing,26,26007,968,200000,6.811,655,930,Fisher & Thompson 1963,4.086021505376344
ft10,Annealing,27,27007,945,200000,6.87,655,930,Fisher & Thompson 1963,1.6129032258064515
ft10,Annealing,28,28007,953,200000,9.168,655,930,Fisher & Thompson 1963,2.4731182795698925
ft10,Annealing,29,29007,1001,200000,7.611,655,930,Fisher & Thompson 1963,7.634408602150537
ft10,VNS,0,7,1008,200000,6.69,655,930,Fisher & Thompson 1963,8.38709677419355
ft10,VNS,1,1007,1058,200000,6.546,655,930,Fisher & Thompson 1963,13.763440860215054
ft10,VNS,2,2007,1008,200000,6.445,655,930,Fisher & Thompson 1963,8.38709677419355
ft10,VNS,3,3007,1041,200000,6.427,655,930,Fisher & Thompson 1963,11.935483870967742
ft10,VNS,4,4007,1036,200000,6.3,655,930,Fisher & Thompson 1963,11.397849462365592
ft10,VNS,5,5007,1038,200000,6.471,655,930,Fisher & Thompson 1963,11.612903225806452
ft10,VNS,6,6007,1030,200000,6.41,655,930,Fisher & Thompson 1963,10.75268817204301
ft10,VNS,7,7007,1025,200000,6.59,655,930,Fisher & Thompson 1963,10.21505376344086
ft10,VNS,8,8007,1047,200000,6.348,655,930,Fisher & Thompson 1963,12.580645161290322
ft10,VNS,9,9007,1023,200000,6.404,655,930,Fisher & Thompson 1963,10.0
ft10,VNS,10,10007,1010,200000,6.359,655,930,Fisher & Thompson 1963,8.60215053763441
ft10,VNS,11,11007,1045,200000,6.369,655,930,Fisher & Thompson 1963,12.365591397849462
ft10,VNS,12,12007,1034,200000,6.371,655,930,Fisher & Thompson 1963,11.182795698924732
ft10,VNS,13,13007,999,200000,6.381,655,930,Fisher & Thompson 1963,7.419354838709677
ft10,VNS,14,14007,1079,200000,6.268,655,930,Fisher & Thompson 1963,16.021505376344088
ft10,VNS,15,15007,1015,200000,6.191,655,930,Fisher & Thompson 1963,9.13978494623656
ft10,VNS,16,16007,1032,200000,6.421,655,930,Fisher & Thompson 1963,10.967741935483872
ft10,VNS,17,17007,1010,200000,6.513,655,930,Fisher & Thompson 1963,8.60215053763441
ft10,VNS,18,18007,1003,200000,6.369,655,930,Fisher & Thompson 1963,7.849462365591398
ft10,VNS,19,19007,971,200000,6.266,655,930,Fisher & Thompson 1963,4.408602150537634
ft10,VNS,20,20007,1015,200000,6.32,655,930,Fisher & Thompson 1963,9.13978494623656
ft10,VNS,21,21007,997,200000,6.291,655,930,Fisher & Thompson 1963,7.204301075268817
ft10,VNS,22,22007,1045,200000,6.396,655,930,Fisher & Thompson 1963,12.365591397849462
ft10,VNS,23,23007,1077,200000,6.436,655,930,Fisher & Thompson 1963,15.806451612903224
ft10,VNS,24,24007,1003,200000,6.253,655,930,Fisher & Thompson 1963,7.849462365591398
ft10,VNS,25,25007,1003,200000,6.107,655,930,Fisher & Thompson 1963,7.849462365591398
ft10,VNS,26,26007,1045,200000,6.613,655,930,Fisher & Thompson 1963,12.365591397849462
ft10,VNS,27,27007,1003,200000,6.634,655,930,Fisher & Thompson 1963,7.849462365591398
ft10,VNS,28,28007,1021,200000,6.762,655,930,Fisher & Thompson 1963,9.78494623655914
ft10,VNS,29,29007,992,200000,6.707,655,930,Fisher & Thompson 1963,6.666666666666667
ft10,GA,0,7,993,200001,19.622,655,930,Fisher & Thompson 1963,6.774193548387098
ft10,GA,1,1007,1032,200001,18.991,655,930,Fisher & Thompson 1963,10.967741935483872
ft10,GA,2,2007,1047,200001,18.173,655,930,Fisher & Thompson 1963,12.580645161290322
ft10,GA,3,3007,990,200001,18.446,655,930,Fisher & Thompson 1963,6.451612903225806
ft10,GA,4,4007,1001,200001,18.297,655,930,Fisher & Thompson 1963,7.634408602150537
ft10,GA,5,5007,994,200001,18.779,655,930,Fisher & Thompson 1963,6.881720430107527
ft10,GA,6,6007,1059,200001,19.79,655,930,Fisher & Thompson 1963,13.870967741935484
ft10,GA,7,7007,1023,200001,20.369,655,930,Fisher & Thompson 1963,10.0
ft10,GA,8,8007,1026,200001,19.004,655,930,Fisher & Thompson 1963,10.32258064516129
ft10,GA,9,9007,1016,200001,17.717,655,930,Fisher & Thompson 1963,9.247311827956988
ft10,GA,10,10007,972,200001,19.828,655,930,Fisher & Thompson 1963,4.516129032258064
ft10,GA,11,11007,976,200001,19.589,655,930,Fisher & Thompson 1963,4.946236559139785
ft10,GA,12,12007,1018,200001,17.871,655,930,Fisher & Thompson 1963,9.46236559139785
ft10,GA,13,13007,1034,200001,17.816,655,930,Fisher & Thompson 1963,11.182795698924732
ft10,GA,14,14007,1034,200001,17.138,655,930,Fisher & Thompson 1963,11.182795698924732
ft10,GA,15,15007,993,200001,17.312,655,930,Fisher & Thompson 1963,6.774193548387098
ft10,GA,16,16007,961,200001,17.561,655,930,Fisher & Thompson 1963,3.3333333333333335
ft10,GA,17,17007,1038,200001,17.194,655,930,Fisher & Thompson 1963,11.612903225806452
ft10,GA,18,18007,984,200001,17.228,655,930,Fisher & Thompson 1963,5.806451612903226
ft10,GA,19,19007,1044,200001,16.471,655,930,Fisher & Thompson 1963,12.258064516129032
ft10,GA,20,20007,980,200001,15.72,655,930,Fisher & Thompson 1963,5.376344086021505
ft10,GA,21,21007,1035,200001,15.942,655,930,Fisher & Thompson 1963,11.29032258064516
ft10,GA,22,22007,1035,200001,15.707,655,930,Fisher & Thompson 1963,11.29032258064516
ft10,GA,23,23007,971,200001,15.994,655,930,Fisher & Thompson 1963,4.408602150537634
ft10,GA,24,24007,977,200001,16.184,655,930,Fisher & Thompson 1963,5.053763440860215
ft10,GA,25,25007,1018,200001,15.115,655,930,Fisher & Thompson 1963,9.46236559139785
ft10,GA,26,26007,981,200001,14.785,655,930,Fisher & Thompson 1963,5.483870967741936
ft10,GA,27,27007,1020,200001,14.027,655,930,Fisher & Thompson 1963,9.67741935483871
ft10,GA,28,28007,1015,200001,13.938,655,930,Fisher & Thompson 1963,9.13978494623656
ft10,GA,29,29007,1095,200001,14.381,655,930,Fisher & Thompson 1963,17.741935483870968
ft20,Loc. Search,0,7,1384,200000,4.994,1119,1165,Fisher & Thompson 1963,18.798283261802577
ft20,Loc. Search,1,1007,1343,200000,4.956,1119,1165,Fisher & Thompson 1963,15.278969957081545
ft20,Loc. Search,2,2007,1309,200000,4.901,1119,1165,Fisher & Thompson 1963,12.360515021459227
ft20,Loc. Search,3,3007,1339,200000,4.987,1119,1165,Fisher & Thompson 1963,14.935622317596566
ft20,Loc. Search,4,4007,1340,200000,4.829,1119,1165,Fisher & Thompson 1963,15.021459227467812
ft20,Loc. Search,5,5007,1250,200000,4.839,1119,1165,Fisher & Thompson 1963,7.296137339055794
ft20,Loc. Search,6,6007,1252,200000,4.898,1119,1165,Fisher & Thompson 1963,7.467811158798283
ft20,Loc. Search,7,7007,1295,200000,4.89,1119,1165,Fisher & Thompson 1963,11.158798283261802
ft20,Loc. Search,8,8007,1257,200000,4.902,1119,1165,Fisher & Thompson 1963,7.896995708154507
ft20,Loc. Search,9,9007,1331,200000,5.001,1119,1165,Fisher & Thompson 1963,14.24892703862661
ft20,Loc. Search,10,10007,1294,200000,4.994,1119,1165,Fisher & Thompson 1963,11.072961373390559
ft20,Loc. Search,11,11007,1287,200000,5.022,1119,1165,Fisher & Thompson 1963,10.472103004291846
ft20,Loc. Search,12,12007,1309,200000,4.968,1119,1165,Fisher & Thompson 1963,12.360515021459227
ft20,Loc. Search,13,13007,1366,200000,4.95,1119,1165,Fisher & Thompson 1963,17.253218884120173
ft20,Loc. Search,14,14007,1372,200000,4.931,1119,1165,Fisher & Thompson 1963,17.76824034334764
ft20,Loc. Search,15,15007,1346,200000,5.008,1119,1165,Fisher & Thompson 1963,15.536480686695278
ft20,Loc. Search,16,16007,1342,200000,4.978,1119,1165,Fisher & Thompson 1963,15.1931330472103
ft20,Loc. Search,17,17007,1338,200000,4.935,1119,1165,Fisher & Thompson 1963,14.84978540772532
ft20,Loc. Search,18,18007,1340,200000,4.929,1119,1165,Fisher & Thompson 1963,15.021459227467812
ft20,Loc. Search,19,19007,1282,200000,4.858,1119,1165,Fisher & Thompson 1963,10.042918454935622
ft20,Loc. Search,20,20007,1249,200000,4.922,1119,1165,Fisher & Thompson 1963,7.210300429184549
ft20,Loc. Search,21,21007,1389,200000,4.98,1119,1165,Fisher & Thompson 1963,19.2274678111588
ft20,Loc. Search,22,22007,1289,200000,4.804,1119,1165,Fisher & Thompson 1963,10.643776824034335
ft20,Loc. Search,23,23007,1290,200000,4.853,1119,1165,Fisher & Thompson 1963,10.72961373390558
ft20,Loc. Search,24,24007,1332,200000,4.808,1119,1165,Fisher & Thompson 1963,14.334763948497853
ft20,Loc. Search,25,25007,1296,200000,4.858,1119,1165,Fisher & Thompson 1963,11.244635193133048
ft20,Loc. Search,26,26007,1388,200000,4.869,1119,1165,Fisher & Thompson 1963,19.141630901287556
ft20,Loc. Search,27,27007,1322,200000,4.748,1119,1165,Fisher & Thompson 1963,13.47639484978541
ft20,Loc. Search,28,28007,1361,200000,4.777,1119,1165,Fisher & Thompson 1963,16.824034334763947
ft20,Loc. Search,29,29007,1311,200000,4.789,1119,1165,Fisher & Thompson 1963,12.532188841201716
ft20,Annealing,0,7,1180,200000,4.997,1119,1165,Fisher & Thompson 1963,1.2875536480686696
ft20,Annealing,1,1007,1231,200000,4.975,1119,1165,Fisher & Thompson 1963,5.665236051502146
ft20,Annealing,2,2007,1190,200000,4.954,1119,1165,Fisher & Thompson 1963,2.1459227467811157
ft20,Annealing,3,3007,1199,200000,4.997,1119,1165,Fisher & Thompson 1963,2.9184549356223175
ft20,Annealing,4,4007,1180,200000,4.93,1119,1165,Fisher & Thompson 1963,1.2875536480686696
ft20,Annealing,5,5007,1180,200000,4.916,1119,1165,Fisher & Thompson 1963,1.2875536480686696
ft20,Annealing,6,6007,1173,200000,5.054,1119,1165,Fisher & Thompson 1963,0.6866952789699571
ft20,Annealing,7,7007,1180,200000,5.041,1119,1165,Fisher & Thompson 1963,1.2875536480686696
ft20,Annealing,8,8007,1182,200000,4.988,1119,1165,Fisher & Thompson 1963,1.4592274678111588
ft20,Annealing,9,9007,1180,200000,5.05,1119,1165,Fisher & Thompson 1963,1.2875536480686696
ft20,Annealing,10,10007,1178,200000,4.948,1119,1165,Fisher & Thompson 1963,1.1158798283261802
ft20,Annealing,11,11007,1178,200000,4.892,1119,1165,Fisher & Thompson 1963,1.1158798283261802
ft20,Annealing,12,12007,1180,200000,5.012,1119,1165,Fisher & Thompson 1963,1.2875536480686696
ft20,Annealing,13,13007,1182,200000,5.016,1119,1165,Fisher & Thompson 1963,1.4592274678111588
ft20,Annealing,14,14007,1178,200000,4.977,1119,1165,Fisher & Thompson 1963,1.1158798283261802
ft20,Annealing,15,15007,1182,200000,5.011,1119,1165,Fisher & Thompson 1963,1.4592274678111588
ft20,Annealing,16,16007,1180,200000,4.792,1119,1165,Fisher & Thompson 1963,1.2875536480686696
ft20,Annealing,17,17007,1178,200000,5.04,1119,1165,Fisher & Thompson 1963,1.1158798283261802
ft20,Annealing,18,18007,1192,200000,4.928,1119,1165,Fisher & Thompson 1963,2.317596566523605
ft20,Annealing,19,19007,1192,200000,4.799,1119,1165,Fisher & Thompson 1963,2.317596566523605
ft20,Annealing,20,20007,1178,200000,4.924,1119,1165,Fisher & Thompson 1963,1.1158798283261802
ft20,Annealing,21,21007,1184,200000,5.025,1119,1165,Fisher & Thompson 1963,1.6309012875536482
ft20,Annealing,22,22007,1178,200000,4.982,1119,1165,Fisher & Thompson 1963,1.1158798283261802
ft20,Annealing,23,23007,1173,200000,5.0,1119,1165,Fisher & Thompson 1963,0.6866952789699571
ft20,Annealing,24,24007,1199,200000,4.94,1119,1165,Fisher & Thompson 1963,2.9184549356223175
ft20,Annealing,25,25007,1178,200000,5.011,1119,1165,Fisher & Thompson 1963,1.1158798283261802
ft20,Annealing,26,26007,1180,200000,4.996,1119,1165,Fisher & Thompson 1963,1.2875536480686696
ft20,Annealing,27,27007,1181,200000,5.002,1119,1165,Fisher & Thompson 1963,1.3733905579399142
ft20,Annealing,28,28007,1191,200000,4.961,1119,1165,Fisher & Thompson 1963,2.2317596566523603
ft20,Annealing,29,29007,1178,200000,4.976,1119,1165,Fisher & Thompson 1963,1.1158798283261802
ft20,VNS,0,7,1246,200000,4.773,1119,1165,Fisher & Thompson 1963,6.9527896995708165
ft20,VNS,1,1007,1272,200000,4.711,1119,1165,Fisher & Thompson 1963,9.184549356223176
ft20,VNS,2,2007,1326,200000,4.776,1119,1165,Fisher & Thompson 1963,13.819742489270388
ft20,VNS,3,3007,1251,200000,4.76,1119,1165,Fisher & Thompson 1963,7.381974248927039
ft20,VNS,4,4007,1256,200000,4.773,1119,1165,Fisher & Thompson 1963,7.8111587982832615
ft20,VNS,5,5007,1258,200000,4.641,1119,1165,Fisher & Thompson 1963,7.982832618025751
ft20,VNS,6,6007,1278,200000,4.737,1119,1165,Fisher & Thompson 1963,9.699570815450643
ft20,VNS,7,7007,1257,200000,4.75,1119,1165,Fisher & Thompson 1963,7.896995708154507
ft20,VNS,8,8007,1286,200000,4.685,1119,1165,Fisher & Thompson 1963,10.386266094420602
ft20,VNS,9,9007,1208,200000,4.685,1119,1165,Fisher & Thompson 1963,3.6909871244635193
ft20,VNS,10,10007,1249,200000,4.674,1119,1165,Fisher & Thompson 1963,7.210300429184549
ft20,VNS,11,11007,1229,200000,4.74,1119,1165,Fisher & Thompson 1963,5.493562231759657
ft20,VNS,12,12007,1233,200000,4.583,1119,1165,Fisher & Thompson 1963,5.836909871244635
ft20,VNS,13,13007,1265,200000,4.603,1119,1165,Fisher & Thompson 1963,8.583690987124463
ft20,VNS,14,14007,1218,200000,4.607,1119,1165,Fisher & Thompson 1963,4.549356223175965
ft20,VNS,15,15007,1280,200000,4.686,1119,1165,Fisher & Thompson 1963,9.871244635193133
ft20,VNS,16,16007,1245,200000,4.687,1119,1165,Fisher & Thompson 1963,6.866952789699571
ft20,VNS,17,17007,1254,200000,4.69,1119,1165,Fisher & Thompson 1963,7.639484978540772
ft20,VNS,18,18007,1220,200000,4.799,1119,1165,Fisher & Thompson 1963,4.721030042918455
ft20,VNS,19,19007,1192,200000,4.641,1119,1165,Fisher & Thompson 1963,2.317596566523605
ft20,VNS,20,20007,1201,200000,4.73,1119,1165,Fisher & Thompson 1963,3.0901287553648067
ft20,VNS,21,21007,1273,200000,4.697,1119,1165,Fisher & Thompson 1963,9.27038626609442
ft20,VNS,22,22007,1227,200000,4.805,1119,1165,Fisher & Thompson 1963,5.3218884120171674
ft20,VNS,23,23007,1227,200000,4.673,1119,1165,Fisher & Thompson 1963,5.3218884120171674
ft20,VNS,24,24007,1213,200000,4.739,1119,1165,Fisher & Thompson 1963,4.120171673819742
ft20,VNS,25,25007,1260,200000,4.733,1119,1165,Fisher & Thompson 1963,8.15450643776824
ft20,VNS,26,26007,1210,200000,4.659,1119,1165,Fisher & Thompson 1963,3.862660944206009
ft20,VNS,27,27007,1277,200000,4.706,1119,1165,Fisher & Thompson 1963,9.6137339055794
ft20,VNS,28,28007,1248,200000,4.666,1119,1165,Fisher & Thompson 1963,7.124463519313305
ft20,VNS,29,29007,1215,200000,4.731,1119,1165,Fisher & Thompson 1963,4.291845493562231
ft20,GA,0,7,1247,200001,13.071,1119,1165,Fisher & Thompson 1963,7.03862660944206
ft20,GA,1,1007,1214,200001,13.15,1119,1165,Fisher & Thompson 1963,4.206008583690987
ft20,GA,2,2007,1231,200001,13.1,1119,1165,Fisher & Thompson 1963,5.665236051502146
ft20,GA,3,3007,1240,200001,12.969,1119,1165,Fisher & Thompson 1963,6.437768240343347
ft20,GA,4,4007,1184,200001,13.27,1119,1165,Fisher & Thompson 1963,1.6309012875536482
ft20,GA,5,5007,1198,200001,13.01,1119,1165,Fisher & Thompson 1963,2.832618025751073
ft20,GA,6,6007,1240,200001,13.209,1119,1165,Fisher & Thompson 1963,6.437768240343347
ft20,GA,7,7007,1249,200001,13.171,1119,1165,Fisher & Thompson 1963,7.210300429184549
ft20,GA,8,8007,1198,200001,13.114,1119,1165,Fisher & Thompson 1963,2.832618025751073
ft20,GA,9,9007,1252,200001,13.336,1119,1165,Fisher & Thompson 1963,7.467811158798283
ft20,GA,10,10007,1211,200001,13.126,1119,1165,Fisher & Thompson 1963,3.9484978540772535
ft20,GA,11,11007,1252,200001,13.113,1119,1165,Fisher & Thompson 1963,7.467811158798283
ft20,GA,12,12007,1182,200001,13.172,1119,1165,Fisher & Thompson 1963,1.4592274678111588
ft20,GA,13,13007,1279,200001,12.983,1119,1165,Fisher & Thompson 1963,9.785407725321889
ft20,GA,14,14007,1229,200001,12.961,1119,1165,Fisher & Thompson 1963,5.493562231759657
ft20,GA,15,15007,1211,200001,12.923,1119,1165,Fisher & Thompson 1963,3.9484978540772535
ft20,GA,16,16007,1180,200001,13.135,1119,1165,Fisher & Thompson 1963,1.2875536480686696
ft20,GA,17,17007,1202,200001,12.957,1119,1165,Fisher & Thompson 1963,3.1759656652360517
ft20,GA,18,18007,1253,200001,13.067,1119,1165,Fisher & Thompson 1963,7.553648068669528
ft20,GA,19,19007,1199,200001,13.018,1119,1165,Fisher & Thompson 1963,2.9184549356223175
ft20,GA,20,20007,1219,200001,12.939,1119,1165,Fisher & Thompson 1963,4.63519313304721
ft20,GA,21,21007,1257,200001,12.833,1119,1165,Fisher & Thompson 1963,7.896995708154507
ft20,GA,22,22007,1185,200001,13.035,1119,1165,Fisher & Thompson 1963,1.7167381974248928
ft20,GA,23,23007,1229,200001,12.9,1119,1165,Fisher & Thompson 1963,5.493562231759657
ft20,GA,24,24007,1231,200001,12.851,1119,1165,Fisher & Thompson 1963,5.665236051502146
ft20,GA,25,25007,1212,200001,12.863,1119,1165,Fisher & Thompson 1963,4.034334763948498
ft20,GA,26,26007,1185,200001,12.966,1119,1165,Fisher & Thompson 1963,1.7167381974248928
ft20,GA,27,27007,1241,200001,12.918,1119,1165,Fisher & Thompson 1963,6.523605150214593
ft20,GA,28,28007,1222,200001,12.923,1119,1165,Fisher & Thompson 1963,4.8927038626609445
ft20,GA,29,29007,1197,200001,12.874,1119,1165,Fisher & Thompson 1963,2.7467811158798283
