instance,method,parameter,value,run,seed,makespan,decode_calls,time,optimum
la03,annealing,T0,5,0,7,597,200000,4.928015008999864,597
la03,annealing,T0,5,1,1007,597,200000,4.784999790999791,597
la03,annealing,T0,5,2,2007,597,200000,4.700643668999874,597
la03,annealing,T0,5,3,3007,597,200000,4.6692433569996865,597
la03,annealing,T0,5,4,4007,617,200000,4.776536811999904,597
la03,annealing,T0,5,5,5007,604,200000,4.492708466999829,597
la03,annealing,T0,5,6,6007,603,200000,4.0036257350002415,597
la03,annealing,T0,5,7,7007,614,200000,4.347340117000385,597
la03,annealing,T0,5,8,8007,603,200000,4.254625874999874,597
la03,annealing,T0,5,9,9007,597,200000,4.313180121000187,597
la03,annealing,T0,20,0,7,604,200000,4.007090199000231,597
la03,annealing,T0,20,1,1007,603,200000,3.8524887409994335,597
la03,annealing,T0,20,2,2007,604,200000,3.772493064000628,597
la03,annealing,T0,20,3,3007,603,200000,3.8134638869996706,597
la03,annealing,T0,20,4,4007,603,200000,4.20502064899938,597
la03,annealing,T0,20,5,5007,603,200000,4.32003752699984,597
la03,annealing,T0,20,6,6007,604,200000,4.47943098199994,597
la03,annealing,T0,20,7,7007,597,200000,4.213715487999252,597
la03,annealing,T0,20,8,8007,597,200000,4.0160473269997965,597
la03,annealing,T0,20,9,9007,603,200000,4.119854611999472,597
la03,annealing,T0,50,0,7,597,200000,4.118190485999548,597
la03,annealing,T0,50,1,1007,597,200000,3.8200592610000967,597
la03,annealing,T0,50,2,2007,603,200000,3.682108171999971,597
la03,annealing,T0,50,3,3007,597,200000,3.3090751559993805,597
la03,annealing,T0,50,4,4007,604,200000,3.2886757940004827,597
la03,annealing,T0,50,5,5007,617,200000,3.173769457999697,597
la03,annealing,T0,50,6,6007,617,200000,3.0128310539994345,597
la03,annealing,T0,50,7,7007,603,200000,3.0125816749996375,597
la03,annealing,T0,50,8,8007,604,200000,2.9799050999999963,597
la03,annealing,T0,50,9,9007,597,200000,2.917515588000242,597
la03,annealing,T0,100,0,7,603,200000,2.9288395129997298,597
la03,annealing,T0,100,1,1007,603,200000,2.901535662000242,597
la03,annealing,T0,100,2,2007,606,200000,2.905456370000138,597
la03,annealing,T0,100,3,3007,604,200000,2.9570469670006787,597
la03,annealing,T0,100,4,4007,604,200000,2.8836097530002007,597
la03,annealing,T0,100,5,5007,604,200000,2.9131173309997394,597
la03,annealing,T0,100,6,6007,597,200000,2.8996826200000214,597
la03,annealing,T0,100,7,7007,597,200000,2.8606030540004213,597
la03,annealing,T0,100,8,8007,597,200000,2.840388439999515,597
la03,annealing,T0,100,9,9007,597,200000,2.8750731170002837,597
la03,vns,kmax,2,0,7,623,200000,2.689773244999742,597
la03,vns,kmax,2,1,1007,597,200000,2.6806844489992727,597
la03,vns,kmax,2,2,2007,617,200000,2.6286600210005417,597
la03,vns,kmax,2,3,3007,604,200000,2.6310170650003784,597
la03,vns,kmax,2,4,4007,617,200000,2.666566323000552,597
la03,vns,kmax,2,5,5007,606,200000,2.5942832070004442,597
la03,vns,kmax,2,6,6007,619,200000,2.6410264769992864,597
la03,vns,kmax,2,7,7007,604,200000,2.5977286469997125,597
la03,vns,kmax,2,8,8007,617,200000,2.5974200190003103,597
la03,vns,kmax,2,9,9007,603,200000,2.5354269350000322,597
la03,vns,kmax,5,0,7,617,200000,2.64365019700017,597
la03,vns,kmax,5,1,1007,604,200000,2.584972574999483,597
la03,vns,kmax,5,2,2007,604,200000,2.5834518219999154,597
la03,vns,kmax,5,3,3007,604,200000,2.5363640659998055,597
la03,vns,kmax,5,4,4007,603,200000,2.5447991080000065,597
la03,vns,kmax,5,5,5007,603,200000,2.6141992550001305,597
la03,vns,kmax,5,6,6007,597,200000,2.5749410839998745,597
la03,vns,kmax,5,7,7007,604,200000,2.557273553000414,597
la03,vns,kmax,5,8,8007,617,200000,2.5795223420000184,597
la03,vns,kmax,5,9,9007,606,200000,2.522551795000254,597
la03,vns,kmax,10,0,7,603,200000,2.563723767999363,597
la03,vns,kmax,10,1,1007,604,200000,2.4977885590005826,597
la03,vns,kmax,10,2,2007,604,200000,2.6042646189998777,597
la03,vns,kmax,10,3,3007,604,200000,2.5144268750000265,597
la03,vns,kmax,10,4,4007,617,200000,2.5496828670002287,597
la03,vns,kmax,10,5,5007,603,200000,2.513166808999813,597
la03,vns,kmax,10,6,6007,597,200000,2.550203906999741,597
la03,vns,kmax,10,7,7007,613,200000,2.5406287569994674,597
la03,vns,kmax,10,8,8007,617,200000,2.528985551000005,597
la03,vns,kmax,10,9,9007,604,200000,2.524663153999427,597
la03,vns,kmax,20,0,7,611,200000,2.526758039000015,597
la03,vns,kmax,20,1,1007,604,200000,2.52115091900032,597
la03,vns,kmax,20,2,2007,604,200000,2.4931890699999713,597
la03,vns,kmax,20,3,3007,604,200000,2.5262178610000774,597
la03,vns,kmax,20,4,4007,619,200000,2.552673899999718,597
la03,vns,kmax,20,5,5007,606,200000,2.5341504190000705,597
la03,vns,kmax,20,6,6007,606,200000,2.5389581700001145,597
la03,vns,kmax,20,7,7007,613,200000,2.592873294999663,597
la03,vns,kmax,20,8,8007,617,200000,2.492600499999753,597
la03,vns,kmax,20,9,9007,613,200000,2.558117343000049,597
la03,ga,population_size,20,0,7,618,200001,6.852516096999352,597
la03,ga,population_size,20,1,1007,627,200001,6.746853259999625,597
la03,ga,population_size,20,2,2007,621,200001,6.802424507000069,597
la03,ga,population_size,20,3,3007,617,200001,6.691326187999948,597
la03,ga,population_size,20,4,4007,632,200001,6.787341023000408,597
la03,ga,population_size,20,5,5007,623,200001,6.8054238909999185,597
la03,ga,population_size,20,6,6007,641,200001,6.781554117999804,597
la03,ga,population_size,20,7,7007,621,200001,6.669550664999406,597
la03,ga,population_size,20,8,8007,619,200001,6.7124760869992315,597
la03,ga,population_size,20,9,9007,641,200001,6.661248549999982,597
la03,ga,population_size,50,0,7,627,200001,7.1026976039993315,597
la03,ga,population_size,50,1,1007,626,200001,7.188109684000665,597
la03,ga,population_size,50,2,2007,630,200001,7.1110329940001975,597
la03,ga,population_size,50,3,3007,632,200001,7.186741604000417,597
la03,ga,population_size,50,4,4007,617,200001,7.217957007000223,597
la03,ga,population_size,50,5,5007,639,200001,7.190264390000266,597
la03,ga,population_size,50,6,6007,617,200001,7.094451038999978,597
la03,ga,population_size,50,7,7007,617,200001,7.152832302000206,597
la03,ga,population_size,50,8,8007,622,200001,7.017056349000086,597
la03,ga,population_size,50,9,9007,627,200001,7.111796733000119,597
la03,ga,population_size,100,0,7,606,200021,7.7792075759998625,597
la03,ga,population_size,100,1,1007,615,200021,7.725186515000132,597
la03,ga,population_size,100,2,2007,625,200021,7.732044458999553,597
la03,ga,population_size,100,3,3007,606,200021,7.820365401999879,597
la03,ga,population_size,100,4,4007,634,200021,7.84297489599976,597
la03,ga,population_size,100,5,5007,619,200021,8.414719462999528,597
la03,ga,population_size,100,6,6007,638,200021,8.07249167200007,597
la03,ga,population_size,100,7,7007,617,200021,9.277374474999306,597
la03,ga,population_size,100,8,8007,630,200021,9.300934082999447,597
la03,ga,population_size,100,9,9007,633,200021,9.433892353999909,597
la03,ga,population_size,200,0,7,623,200121,11.793066581999483,597
la03,ga,population_size,200,1,1007,620,200121,11.48585265300062,597
la03,ga,population_size,200,2,2007,619,200121,10.662637082999936,597
la03,ga,population_size,200,3,3007,645,200121,10.932329780000146,597
la03,ga,population_size,200,4,4007,617,200121,11.005722914000216,597
la03,ga,population_size,200,5,5007,620,200121,11.390288057999896,597
la03,ga,population_size,200,6,6007,623,200121,11.137471572999857,597
la03,ga,population_size,200,7,7007,605,200121,10.964646974999596,597
la03,ga,population_size,200,8,8007,604,200121,11.294523306999508,597
la03,ga,population_size,200,9,9007,623,200121,11.363104238000233,597
la03,ga,p,0.1,0,7,619,200001,8.511929235000025,597
la03,ga,p,0.1,1,1007,619,200001,8.636275934999503,597
la03,ga,p,0.1,2,2007,618,200001,8.512398250999468,597
la03,ga,p,0.1,3,3007,619,200001,8.548877307999646,597
la03,ga,p,0.1,4,4007,624,200001,8.657000510999751,597
la03,ga,p,0.1,5,5007,625,200001,8.900626867000028,597
la03,ga,p,0.1,6,6007,617,200001,9.02589740500025,597
la03,ga,p,0.1,7,7007,635,200001,7.991783266000311,597
la03,ga,p,0.1,8,8007,628,200001,7.706295312999828,597
la03,ga,p,0.1,9,9007,627,200001,7.450948411999889,597
la03,ga,p,0.3,0,7,627,200001,7.8133056140004555,597
la03,ga,p,0.3,1,1007,626,200001,7.412936323999929,597
la03,ga,p,0.3,2,2007,630,200001,7.438995005999459,597
la03,ga,p,0.3,3,3007,632,200001,7.682232363999901,597
la03,ga,p,0.3,4,4007,617,200001,9.746153741999478,597
la03,ga,p,0.3,5,5007,639,200001,9.894078778000221,597
la03,ga,p,0.3,6,6007,617,200001,10.027750670999922,597
la03,ga,p,0.3,7,7007,617,200001,9.58144059999995,597
la03,ga,p,0.3,8,8007,622,200001,9.719946309999614,597
la03,ga,p,0.3,9,9007,627,200001,9.733001775999583,597
la03,ga,p,0.5,0,7,621,200001,8.841559564999443,597
la03,ga,p,0.5,1,1007,626,200001,8.460595857999579,597
la03,ga,p,0.5,2,2007,613,200001,9.28568395000002,597
la03,ga,p,0.5,3,3007,624,200001,9.223289991999991,597
la03,ga,p,0.5,4,4007,620,200001,8.946990602999904,597
la03,ga,p,0.5,5,5007,614,200001,8.978213010999752,597
la03,ga,p,0.5,6,6007,617,200001,9.251436137000383,597
la03,ga,p,0.5,7,7007,614,200001,8.916582908000237,597
la03,ga,p,0.5,8,8007,614,200001,8.863374713000667,597
la03,ga,p,0.5,9,9007,639,200001,8.747350945000107,597
la03,ga,p,0.7,0,7,622,200001,8.835449215999688,597
la03,ga,p,0.7,1,1007,619,200001,8.582543372000146,597
la03,ga,p,0.7,2,2007,613,200001,8.920966196000336,597
la03,ga,p,0.7,3,3007,621,200001,9.375884609999957,597
la03,ga,p,0.7,4,4007,622,200001,9.202318431000094,597
la03,ga,p,0.7,5,5007,617,200001,9.794914668999809,597
la03,ga,p,0.7,6,6007,632,200001,9.618180879000647,597
la03,ga,p,0.7,7,7007,627,200001,9.592916251000133,597
la03,ga,p,0.7,8,8007,620,200001,9.531928358000187,597
la03,ga,p,0.7,9,9007,614,200001,9.664306439000029,597
la03,ga,tournament_pct,0.1,0,7,617,200001,8.868552217999422,597
la03,ga,tournament_pct,0.1,1,1007,622,200001,8.547968416000003,597
la03,ga,tournament_pct,0.1,2,2007,622,200001,8.735759371000313,597
la03,ga,tournament_pct,0.1,3,3007,617,200001,8.326257801999418,597
la03,ga,tournament_pct,0.1,4,4007,617,200001,8.420091049999428,597
la03,ga,tournament_pct,0.1,5,5007,629,200001,8.261887204999766,597
la03,ga,tournament_pct,0.1,6,6007,619,200001,8.027503659000104,597
la03,ga,tournament_pct,0.1,7,7007,626,200001,8.21000142000048,597
la03,ga,tournament_pct,0.1,8,8007,630,200001,8.19333993500004,597
la03,ga,tournament_pct,0.1,9,9007,633,200001,8.218444594000175,597
la03,ga,tournament_pct,0.3,0,7,627,200001,8.645335328999863,597
la03,ga,tournament_pct,0.3,1,1007,626,200001,8.791272504999142,597
la03,ga,tournament_pct,0.3,2,2007,630,200001,8.64506205500038,597
la03,ga,tournament_pct,0.3,3,3007,632,200001,8.596558525000546,597
la03,ga,tournament_pct,0.3,4,4007,617,200001,8.624464879000698,597
la03,ga,tournament_pct,0.3,5,5007,639,200001,8.591801760000635,597
la03,ga,tournament_pct,0.3,6,6007,617,200001,8.439122789999601,597
la03,ga,tournament_pct,0.3,7,7007,617,200001,8.514660629999526,597
la03,ga,tournament_pct,0.3,8,8007,622,200001,8.419923978999577,597
la03,ga,tournament_pct,0.3,9,9007,627,200001,8.320614425000713,597
la03,ga,tournament_pct,0.6,0,7,645,200001,8.992203322000023,597
la03,ga,tournament_pct,0.6,1,1007,632,200001,8.91749230500045,597
la03,ga,tournament_pct,0.6,2,2007,620,200001,9.064535999999862,597
la03,ga,tournament_pct,0.6,3,3007,619,200001,8.901995715999874,597
la03,ga,tournament_pct,0.6,4,4007,622,200001,9.179221305999818,597
la03,ga,tournament_pct,0.6,5,5007,603,200001,9.158350326999425,597
la03,ga,tournament_pct,0.6,6,6007,617,200001,9.063647309999396,597
la03,ga,tournament_pct,0.6,7,7007,627,200001,8.928532905999418,597
la03,ga,tournament_pct,0.6,8,8007,622,200001,8.918125579999469,597
la03,ga,tournament_pct,0.6,9,9007,633,200001,9.005531560000236,597
ft10,annealing,T0,5,0,7,973,200000,5.492703007999808,930
ft10,annealing,T0,5,1,1007,973,200000,5.4163296000006085,930
ft10,annealing,T0,5,2,2007,959,200000,5.469480588999431,930
ft10,annealing,T0,5,3,3007,995,200000,5.3693931320003685,930
ft10,annealing,T0,5,4,4007,1001,200000,5.57405023299998,930
ft10,annealing,T0,5,5,5007,1001,200000,5.525696654000058,930
ft10,annealing,T0,5,6,6007,1000,200000,5.430430226000681,930
ft10,annealing,T0,5,7,7007,952,200000,5.587781533999987,930
ft10,annealing,T0,5,8,8007,976,200000,5.443527749999703,930
ft10,annealing,T0,5,9,9007,994,200000,5.542277341999579,930
ft10,annealing,T0,20,0,7,951,200000,5.285003279000193,930
ft10,annealing,T0,20,1,1007,951,200000,5.46169899799952,930
ft10,annealing,T0,20,2,2007,951,200000,5.354830605999268,930
ft10,annealing,T0,20,3,3007,966,200000,5.503215690000616,930
ft10,annealing,T0,20,4,4007,971,200000,5.455480818999604,930
ft10,annealing,T0,20,5,5007,952,200000,5.480274325999744,930
ft10,annealing,T0,20,6,6007,955,200000,5.454766197000026,930
ft10,annealing,T0,20,7,7007,962,200000,5.368111560000216,930
ft10,annealing,T0,20,8,8007,957,200000,5.379897755999991,930
ft10,annealing,T0,20,9,9007,951,200000,5.363272677999703,930
ft10,annealing,T0,50,0,7,951,200000,5.408426430000873,930
ft10,annealing,T0,50,1,1007,991,200000,5.351738585999556,930
ft10,annealing,T0,50,2,2007,937,200000,5.33457852399988,930
ft10,annealing,T0,50,3,3007,960,200000,5.499060471999655,930
ft10,annealing,T0,50,4,4007,955,200000,5.507259003000399,930
ft10,annealing,T0,50,5,5007,973,200000,5.4356064150006205,930
ft10,annealing,T0,50,6,6007,962,200000,5.51837287699982,930
ft10,annealing,T0,50,7,7007,937,200000,5.607336404999842,930
ft10,annealing,T0,50,8,8007,972,200000,5.429162747999726,930
ft10,annealing,T0,50,9,9007,956,200000,5.406256785000551,930
ft10,annealing,T0,100,0,7,971,200000,5.610768369999278,930
ft10,annealing,T0,100,1,1007,937,200000,5.567905509000411,930
ft10,annealing,T0,100,2,2007,960,200000,5.544391784999789,930
ft10,annealing,T0,100,3,3007,969,200000,5.506402801000149,930
ft10,annealing,T0,100,4,4007,997,200000,5.585286057000303,930
ft10,annealing,T0,100,5,5007,953,200000,5.576891589999832,930
ft10,annealing,T0,100,6,6007,930,200000,5.618587513000421,930
ft10,annealing,T0,100,7,7007,930,200000,5.567435531999763,930
ft10,annealing,T0,100,8,8007,971,200000,5.784553396000774,930
ft10,annealing,T0,100,9,9007,956,200000,5.689722887999778,930
ft10,vns,kmax,2,0,7,1043,200000,5.27439940000022,930
ft10,vns,kmax,2,1,1007,1023,200000,5.242082199999459,930
ft10,vns,kmax,2,2,2007,1020,200000,5.288003292999747,930
ft10,vns,kmax,2,3,3007,1041,200000,5.182190894999621,930
ft10,vns,kmax,2,4,4007,1031,200000,5.253623916999459,930
ft10,vns,kmax,2,5,5007,1035,200000,5.060835473000225,930
ft10,vns,kmax,2,6,6007,1010,200000,5.181184943000517,930
ft10,vns,kmax,2,7,7007,974,200000,4.923277158000019,930
ft10,vns,kmax,2,8,8007,1040,200000,5.065988233000098,930
ft10,vns,kmax,2,9,9007,1006,200000,5.039008255000226,930
ft10,vns,kmax,5,0,7,1043,200000,5.211615383000208,930
ft10,vns,kmax,5,1,1007,1058,200000,5.059623666999869,930
ft10,vns,kmax,5,2,2007,1008,200000,5.063423259999581,930
ft10,vns,kmax,5,3,3007,1041,200000,5.028916317000039,930
ft10,vns,kmax,5,4,4007,1036,200000,5.100792811000247,930
ft10,vns,kmax,5,5,5007,1038,200000,5.084764671999437,930
ft10,vns,kmax,5,6,6007,1054,200000,5.0837727759999325,930
ft10,vns,kmax,5,7,7007,1059,200000,5.131076384000153,930
ft10,vns,kmax,5,8,8007,1047,200000,4.771439907999593,930
ft10,vns,kmax,5,9,9007,1023,200000,5.137058145000083,930
ft10,vns,kmax,10,0,7,1008,200000,5.039087077999284,930
ft10,vns,kmax,10,1,1007,1058,200000,5.299395724000533,930
ft10,vns,kmax,10,2,2007,1008,200000,5.354418771999917,930
ft10,vns,kmax,10,3,3007,1041,200000,5.099924011999974,930
ft10,vns,kmax,10,4,4007,1036,200000,4.8770054229999005,930
ft10,vns,kmax,10,5,5007,1038,200000,5.272980579999967,930
ft10,vns,kmax,10,6,6007,1030,200000,5.461028429999715,930
ft10,vns,kmax,10,7,7007,1025,200000,5.44075531999988,930
ft10,vns,kmax,10,8,8007,1047,200000,5.550465944999814,930
ft10,vns,kmax,10,9,9007,1023,200000,5.540581528000075,930
ft10,vns,kmax,20,0,7,1008,200000,5.660958577000201,930
ft10,vns,kmax,20,1,1007,1058,200000,5.81780378700023,930
ft10,vns,kmax,20,2,2007,1008,200000,5.307333790000484,930
ft10,vns,kmax,20,3,3007,1041,200000,5.277941407000071,930
ft10,vns,kmax,20,4,4007,1036,200000,5.323162339000191,930
ft10,vns,kmax,20,5,5007,1038,200000,5.718294217999755,930
ft10,vns,kmax,20,6,6007,1030,200000,5.690752530999816,930
ft10,vns,kmax,20,7,7007,1025,200000,5.738269786999808,930
ft10,vns,kmax,20,8,8007,1047,200000,5.585882452999613,930
ft10,vns,kmax,20,9,9007,1023,200000,5.753599461000704,930
ft10,ga,population_size,20,0,7,1042,200001,15.582059059999665,930
ft10,ga,population_size,20,1,1007,991,200001,15.354587109000022,930
ft10,ga,population_size,20,2,2007,1035,200001,14.978328203999808,930
ft10,ga,population_size,20,3,3007,1037,200001,15.135072857000523,930
ft10,ga,population_size,20,4,4007,1038,200001,15.415385377999883,930
ft10,ga,population_size,20,5,5007,1010,200001,14.632740007999928,930
ft10,ga,population_size,20,6,6007,974,200001,15.00038123899958,930
ft10,ga,population_size,20,7,7007,955,200001,15.537601285999699,930
ft10,ga,population_size,20,8,8007,993,200001,14.827610162999918,930
ft10,ga,population_size,20,9,9007,1005,200001,15.044161382999846,930
ft10,ga,population_size,50,0,7,1044,200001,15.257628006000232,930
ft10,ga,population_size,50,1,1007,1025,200001,14.760279336999702,930
ft10,ga,population_size,50,2,2007,1045,200001,15.45436134800002,930
ft10,ga,population_size,50,3,3007,956,200001,15.087577128999328,930
ft10,ga,population_size,50,4,4007,1007,200001,15.682040755000344,930
ft10,ga,population_size,50,5,5007,1037,200001,15.77002831000027,930
ft10,ga,population_size,50,6,6007,1014,200001,16.130567554000663,930
ft10,ga,population_size,50,7,7007,1011,200001,15.441656488999797,930
ft10,ga,population_size,50,8,8007,1016,200001,15.560546752999471,930
ft10,ga,population_size,50,9,9007,1002,200001,15.690974278000795,930
ft10,ga,population_size,100,0,7,1044,200021,15.892865949000225,930
ft10,ga,population_size,100,1,1007,1031,200021,17.20111088700014,930
ft10,ga,population_size,100,2,2007,1026,200021,17.10443185299937,930
ft10,ga,population_size,100,3,3007,1027,200021,17.513324489000297,930
ft10,ga,population_size,100,4,4007,997,200021,17.072413975999552,930
ft10,ga,population_size,100,5,5007,1026,200021,17.063180121000187,930
ft10,ga,population_size,100,6,6007,1065,200021,16.45924860500054,930
ft10,ga,population_size,100,7,7007,1046,200021,16.648024234999866,930
ft10,ga,population_size,100,8,8007,989,200021,16.396701737000512,930
ft10,ga,population_size,100,9,9007,1018,200021,16.658218663000298,930
ft10,ga,population_size,200,0,7,1093,200121,18.947607811000125,930
ft10,ga,population_size,200,1,1007,993,200121,18.01811493200057,930
ft10,ga,population_size,200,2,2007,1113,200121,18.79938552599924,930
ft10,ga,population_size,200,3,3007,1015,200121,18.340337288999763,930
ft10,ga,population_size,200,4,4007,1023,200121,18.486441648000437,930
ft10,ga,population_size,200,5,5007,1044,200121,16.351626194000346,930
ft10,ga,population_size,200,6,6007,983,200121,17.2186690489998,930
ft10,ga,population_size,200,7,7007,990,200121,16.656649402000767,930
ft10,ga,population_size,200,8,8007,1021,200121,18.04043832000025,930
ft10,ga,population_size,200,9,9007,971,200121,17.18345129699992,930
ft10,ga,p,0.1,0,7,1037,200001,15.509648355000536,930
ft10,ga,p,0.1,1,1007,1039,200001,14.505694661000234,930
ft10,ga,p,0.1,2,2007,1047,200001,13.747416787000475,930
ft10,ga,p,0.1,3,3007,1033,200001,13.199605947000236,930
ft10,ga,p,0.1,4,4007,1062,200001,14.033062595000956,930
ft10,ga,p,0.1,5,5007,1026,200001,13.247786728999927,930
ft10,ga,p,0.1,6,6007,1062,200001,13.635325102999559,930
ft10,ga,p,0.1,7,7007,1052,200001,13.946000137000738,930
ft10,ga,p,0.1,8,8007,1084,200001,13.642733053999109,930
ft10,ga,p,0.1,9,9007,1058,200001,13.147716436000337,930
ft10,ga,p,0.3,0,7,1044,200001,14.24573139399945,930
ft10,ga,p,0.3,1,1007,1025,200001,13.481545368000297,930
ft10,ga,p,0.3,2,2007,1045,200001,15.875689761998728,930
ft10,ga,p,0.3,3,3007,956,200001,15.444375960998514,930
ft10,ga,p,0.3,4,4007,1007,200001,16.07804192599906,930
ft10,ga,p,0.3,5,5007,1037,200001,15.91391785900123,930
ft10,ga,p,0.3,6,6007,1014,200001,15.565004398999008,930
ft10,ga,p,0.3,7,7007,1011,200001,15.771811889999299,930
ft10,ga,p,0.3,8,8007,1016,200001,14.45584616800079,930
ft10,ga,p,0.3,9,9007,1002,200001,14.714810206000038,930
ft10,ga,p,0.5,0,7,1036,200001,14.965414165000766,930
ft10,ga,p,0.5,1,1007,1009,200001,13.652468611999211,930
ft10,ga,p,0.5,2,2007,1032,200001,14.73236608300067,930
ft10,ga,p,0.5,3,3007,1015,200001,14.641976820999844,930
ft10,ga,p,0.5,4,4007,976,200001,14.369792804000099,930
ft10,ga,p,0.5,5,5007,965,200001,14.58548506400075,930
ft10,ga,p,0.5,6,6007,1064,200001,13.865897446999952,930
ft10,ga,p,0.5,7,7007,984,200001,13.699042453999937,930
ft10,ga,p,0.5,8,8007,950,200001,13.832610634000957,930
ft10,ga,p,0.5,9,9007,984,200001,14.398684843999945,930
ft10,ga,p,0.7,0,7,1004,200001,14.445165735000046,930
ft10,ga,p,0.7,1,1007,1017,200001,14.254580839999107,930
ft10,ga,p,0.7,2,2007,1032,200001,14.069559667999783,930
ft10,ga,p,0.7,3,3007,960,200001,13.85125192400119,930
ft10,ga,p,0.7,4,4007,1023,200001,14.252878914001485,930
ft10,ga,p,0.7,5,5007,1044,200001,14.608186965000641,930
ft10,ga,p,0.7,6,6007,1017,200001,14.178888276999714,930
ft10,ga,p,0.7,7,7007,974,200001,14.000566958999116,930
ft10,ga,p,0.7,8,8007,963,200001,14.04616978500053,930
ft10,ga,p,0.7,9,9007,993,200001,14.44318553300036,930
ft10,ga,tournament_pct,0.1,0,7,1019,200001,13.343050557999959,930
ft10,ga,tournament_pct,0.1,1,1007,1016,200001,12.989761987000747,930
ft10,ga,tournament_pct,0.1,2,2007,1017,200001,13.636826480998934,930
ft10,ga,tournament_pct,0.1,3,3007,1049,200001,13.387369624000712,930
ft10,ga,tournament_pct,0.1,4,4007,992,200001,13.231585626001106,930
ft10,ga,tournament_pct,0.1,5,5007,1012,200001,13.33770604700112,930
ft10,ga,tournament_pct,0.1,6,6007,982,200001,12.841079433999766,930
ft10,ga,tournament_pct,0.1,7,7007,981,200001,13.36177841999961,930
ft10,ga,tournament_pct,0.1,8,8007,977,200001,12.701681166001435,930
ft10,ga,tournament_pct,0.1,9,9007,1024,200001,12.727436715000294,930
ft10,ga,tournament_pct,0.3,0,7,1044,200001,13.896995564000463,930
ft10,ga,tournament_pct,0.3,1,1007,1025,200001,13.611584177999248,930
ft10,ga,tournament_pct,0.3,2,2007,1045,200001,13.92921877399931,930
ft10,ga,tournament_pct,0.3,3,3007,956,200001,13.70120483699975,930
ft10,ga,tournament_pct,0.3,4,4007,1007,200001,14.65848065299906,930
ft10,ga,tournament_pct,0.3,5,5007,1037,200001,15.469693272998484,930
ft10,ga,tournament_pct,0.3,6,6007,1014,200001,14.5074374729993,930
ft10,ga,tournament_pct,0.3,7,7007,1011,200001,13.693168353000146,930
ft10,ga,tournament_pct,0.3,8,8007,1016,200001,12.895224109999617,930
ft10,ga,tournament_pct,0.3,9,9007,1002,200001,13.06799974599926,930
ft10,ga,tournament_pct,0.6,0,7,1037,200001,14.260791675000291,930
ft10,ga,tournament_pct,0.6,1,1007,1013,200001,13.995833427999969,930
ft10,ga,tournament_pct,0.6,2,2007,1067,200001,13.98503897199953,930
ft10,ga,tournament_pct,0.6,3,3007,993,200001,14.105862749000153,930
ft10,ga,tournament_pct,0.6,4,4007,991,200001,13.323534215000109,930
ft10,ga,tournament_pct,0.6,5,5007,1015,200001,13.468743801999153,930
ft10,ga,tournament_pct,0.6,6,6007,976,200001,13.524274067000079,930
ft10,ga,tournament_pct,0.6,7,7007,1001,200001,13.69970122900122,930
ft10,ga,tournament_pct,0.6,8,8007,982,200001,13.801395921998846,930
ft10,ga,tournament_pct,0.6,9,9007,1001,200001,14.045321186000365,930
ft20,annealing,T0,5,0,7,1180,200000,4.960559560000547,1165
ft20,annealing,T0,5,1,1007,1182,200000,4.841561446000924,1165
ft20,annealing,T0,5,2,2007,1220,200000,5.013999752000018,1165
ft20,annealing,T0,5,3,3007,1180,200000,4.788606383001024,1165
ft20,annealing,T0,5,4,4007,1178,200000,5.049897992999831,1165
ft20,annealing,T0,5,5,5007,1173,200000,4.957162996000989,1165
ft20,annealing,T0,5,6,6007,1178,200000,4.952507034000519,1165
ft20,annealing,T0,5,7,7007,1180,200000,5.0751618729991606,1165
ft20,annealing,T0,5,8,8007,1182,200000,5.176781467000183,1165
ft20,annealing,T0,5,9,9007,1178,200000,5.055707919998895,1165
ft20,annealing,T0,20,0,7,1180,200000,5.101000208000187,1165
ft20,annealing,T0,20,1,1007,1192,200000,5.003933537000194,1165
ft20,annealing,T0,20,2,2007,1178,200000,5.001888650000183,1165
ft20,annealing,T0,20,3,3007,1178,200000,5.039248466000572,1165
ft20,annealing,T0,20,4,4007,1199,200000,4.754735989001347,1165
ft20,annealing,T0,20,5,5007,1179,200000,4.823072652001429,1165
ft20,annealing,T0,20,6,6007,1178,200000,4.988772200000312,1165
ft20,annealing,T0,20,7,7007,1178,200000,4.959485421000863,1165
ft20,annealing,T0,20,8,8007,1180,200000,4.912778395000714,1165
ft20,annealing,T0,20,9,9007,1165,200000,4.996762180000587,1165
ft20,annealing,T0,50,0,7,1178,200000,5.150361939000504,1165
ft20,annealing,T0,50,1,1007,1178,200000,5.139380405000338,1165
ft20,annealing,T0,50,2,2007,1180,200000,5.115525985000204,1165
ft20,annealing,T0,50,3,3007,1178,200000,5.25475890099915,1165
ft20,annealing,T0,50,4,4007,1192,200000,5.04809614000078,1165
ft20,annealing,T0,50,5,5007,1180,200000,5.279953855999338,1165
ft20,annealing,T0,50,6,6007,1182,200000,5.245620744999542,1165
ft20,annealing,T0,50,7,7007,1180,200000,5.0769297540009575,1165
ft20,annealing,T0,50,8,8007,1182,200000,5.333871187998739,1165
ft20,annealing,T0,50,9,9007,1192,200000,5.445397487001173,1165
ft20,annealing,T0,100,0,7,1178,200000,5.443650584998977,1165
ft20,annealing,T0,100,1,1007,1184,200000,5.619677315000445,1165
ft20,annealing,T0,100,2,2007,1182,200000,5.629936020000969,1165
ft20,annealing,T0,100,3,3007,1180,200000,5.284216856000057,1165
ft20,annealing,T0,100,4,4007,1180,200000,5.348348823999913,1165
ft20,annealing,T0,100,5,5007,1178,200000,5.339392613999735,1165
ft20,annealing,T0,100,6,6007,1178,200000,4.953408725999907,1165
ft20,annealing,T0,100,7,7007,1182,200000,4.896785455999634,1165
ft20,annealing,T0,100,8,8007,1182,200000,4.79548969499956,1165
ft20,annealing,T0,100,9,9007,1178,200000,5.096993831999498,1165
ft20,vns,kmax,2,0,7,1236,200000,4.972254030999466,1165
ft20,vns,kmax,2,1,1007,1268,200000,4.7976952210010495,1165
ft20,vns,kmax,2,2,2007,1316,200000,5.018998209001438,1165
ft20,vns,kmax,2,3,3007,1236,200000,4.703309651999007,1165
ft20,vns,kmax,2,4,4007,1256,200000,4.737429673001316,1165
ft20,vns,kmax,2,5,5007,1275,200000,4.701911771999221,1165
ft20,vns,kmax,2,6,6007,1261,200000,4.712318576999678,1165
ft20,vns,kmax,2,7,7007,1285,200000,4.47903708100057,1165
ft20,vns,kmax,2,8,8007,1303,200000,4.714565374999438,1165
ft20,vns,kmax,2,9,9007,1241,200000,4.860605916001077,1165
ft20,vns,kmax,5,0,7,1246,200000,4.958888765000665,1165
ft20,vns,kmax,5,1,1007,1272,200000,5.515854589999435,1165
ft20,vns,kmax,5,2,2007,1320,200000,5.025131320999208,1165
ft20,vns,kmax,5,3,3007,1251,200000,4.949379356999998,1165
ft20,vns,kmax,5,4,4007,1256,200000,4.685124458001155,1165
ft20,vns,kmax,5,5,5007,1258,200000,4.934031249998952,1165
ft20,vns,kmax,5,6,6007,1278,200000,4.9984803139996075,1165
ft20,vns,kmax,5,7,7007,1261,200000,4.791139245000522,1165
ft20,vns,kmax,5,8,8007,1286,200000,4.762874850999651,1165
ft20,vns,kmax,5,9,9007,1208,200000,4.668078767999759,1165
ft20,vns,kmax,10,0,7,1246,200000,4.7707840650000435,1165
ft20,vns,kmax,10,1,1007,1272,200000,4.94596006699976,1165
ft20,vns,kmax,10,2,2007,1326,200000,4.858908865999183,1165
ft20,vns,kmax,10,3,3007,1251,200000,5.152621464001641,1165
ft20,vns,kmax,10,4,4007,1256,200000,5.28434781499891,1165
ft20,vns,kmax,10,5,5007,1258,200000,5.274474241999997,1165
ft20,vns,kmax,10,6,6007,1278,200000,5.273825264001061,1165
ft20,vns,kmax,10,7,7007,1257,200000,5.48693560799984,1165
ft20,vns,kmax,10,8,8007,1286,200000,5.388906873000451,1165
ft20,vns,kmax,10,9,9007,1208,200000,4.829201300999557,1165
ft20,vns,kmax,20,0,7,1246,200000,5.159339107000051,1165
ft20,vns,kmax,20,1,1007,1272,200000,4.84352674100046,1165
ft20,vns,kmax,20,2,2007,1326,200000,4.919774064001103,1165
ft20,vns,kmax,20,3,3007,1251,200000,4.776707988999988,1165
ft20,vns,kmax,20,4,4007,1256,200000,4.970516094001141,1165
ft20,vns,kmax,20,5,5007,1258,200000,4.793616023998766,1165
ft20,vns,kmax,20,6,6007,1278,200000,4.96719393300009,1165
ft20,vns,kmax,20,7,7007,1257,200000,4.858286427999701,1165
ft20,vns,kmax,20,8,8007,1286,200000,4.595171509001375,1165
ft20,vns,kmax,20,9,9007,1208,200000,4.60992910800087,1165
ft20,ga,population_size,20,0,7,1227,200001,12.303213051000057,1165
ft20,ga,population_size,20,1,1007,1220,200001,12.424546008000107,1165
ft20,ga,population_size,20,2,2007,1290,200001,13.215883622999172,1165
ft20,ga,population_size,20,3,3007,1254,200001,13.143787740000334,1165
ft20,ga,population_size,20,4,4007,1205,200001,12.635636691999025,1165
ft20,ga,population_size,20,5,5007,1254,200001,12.03338794100091,1165
ft20,ga,population_size,20,6,6007,1235,200001,11.964279429999806,1165
ft20,ga,population_size,20,7,7007,1249,200001,12.137764822999088,1165
ft20,ga,population_size,20,8,8007,1203,200001,12.624646475998816,1165
ft20,ga,population_size,20,9,9007,1195,200001,12.321732517000783,1165
ft20,ga,population_size,50,0,7,1221,200001,12.85654184699888,1165
ft20,ga,population_size,50,1,1007,1196,200001,12.63929311299944,1165
ft20,ga,population_size,50,2,2007,1238,200001,12.559129658999154,1165
ft20,ga,population_size,50,3,3007,1240,200001,12.418992572000207,1165
ft20,ga,population_size,50,4,4007,1295,200001,12.302333710000312,1165
ft20,ga,population_size,50,5,5007,1185,200001,12.527750625000408,1165
ft20,ga,population_size,50,6,6007,1216,200001,12.397244533998673,1165
ft20,ga,population_size,50,7,7007,1233,200001,12.79873335999946,1165
ft20,ga,population_size,50,8,8007,1224,200001,12.716725811998913,1165
ft20,ga,population_size,50,9,9007,1244,200001,12.705587558000843,1165
ft20,ga,population_size,100,0,7,1220,200021,13.058609298999727,1165
ft20,ga,population_size,100,1,1007,1202,200021,13.537371008998889,1165
ft20,ga,population_size,100,2,2007,1206,200021,13.21908511500078,1165
ft20,ga,population_size,100,3,3007,1221,200021,13.075736189000963,1165
ft20,ga,population_size,100,4,4007,1249,200021,13.666182635999576,1165
ft20,ga,population_size,100,5,5007,1235,200021,13.14492361700104,1165
ft20,ga,population_size,100,6,6007,1252,200021,13.564027832999273,1165
ft20,ga,population_size,100,7,7007,1205,200021,13.190412848998676,1165
ft20,ga,population_size,100,8,8007,1231,200021,13.257064905001243,1165
ft20,ga,population_size,100,9,9007,1246,200021,13.712511997000547,1165
ft20,ga,population_size,200,0,7,1196,200121,15.104507048999949,1165
ft20,ga,population_size,200,1,1007,1202,200121,14.909041299000819,1165
ft20,ga,population_size,200,2,2007,1271,200121,14.56547989200044,1165
ft20,ga,population_size,200,3,3007,1307,200121,15.03965385400079,1165
ft20,ga,population_size,200,4,4007,1219,200121,15.395758852000654,1165
ft20,ga,population_size,200,5,5007,1273,200121,15.6948492169995,1165
ft20,ga,population_size,200,6,6007,1240,200121,16.636007838000296,1165
ft20,ga,population_size,200,7,7007,1282,200121,17.067284518001543,1165
ft20,ga,population_size,200,8,8007,1300,200121,16.072069017000103,1165
ft20,ga,population_size,200,9,9007,1233,200121,16.64528052300011,1165
ft20,ga,p,0.1,0,7,1269,200001,14.75785974199971,1165
ft20,ga,p,0.1,1,1007,1222,200001,13.579165189999912,1165
ft20,ga,p,0.1,2,2007,1216,200001,12.87952440799927,1165
ft20,ga,p,0.1,3,3007,1237,200001,12.883902092999051,1165
ft20,ga,p,0.1,4,4007,1234,200001,13.005853401999047,1165
ft20,ga,p,0.1,5,5007,1293,200001,13.461894431999099,1165
ft20,ga,p,0.1,6,6007,1243,200001,12.726714661001097,1165
ft20,ga,p,0.1,7,7007,1224,200001,12.652540694998606,1165
ft20,ga,p,0.1,8,8007,1269,200001,12.755618645998766,1165
ft20,ga,p,0.1,9,9007,1249,200001,12.437059093001153,1165
ft20,ga,p,0.3,0,7,1221,200001,12.505145282999365,1165
ft20,ga,p,0.3,1,1007,1196,200001,12.873992984999859,1165
ft20,ga,p,0.3,2,2007,1238,200001,13.079400544000237,1165
ft20,ga,p,0.3,3,3007,1240,200001,12.737046064999959,1165
ft20,ga,p,0.3,4,4007,1295,200001,12.977876035000008,1165
ft20,ga,p,0.3,5,5007,1185,200001,13.023809507998521,1165
ft20,ga,p,0.3,6,6007,1216,200001,13.521278910000547,1165
ft20,ga,p,0.3,7,7007,1233,200001,12.829837897999823,1165
ft20,ga,p,0.3,8,8007,1224,200001,12.423575499000435,1165
ft20,ga,p,0.3,9,9007,1244,200001,12.518086230000335,1165
ft20,ga,p,0.5,0,7,1226,200001,12.561766057000568,1165
ft20,ga,p,0.5,1,1007,1205,200001,12.879328906999945,1165
ft20,ga,p,0.5,2,2007,1271,200001,12.647201887000847,1165
ft20,ga,p,0.5,3,3007,1267,200001,12.442145140999855,1165
ft20,ga,p,0.5,4,4007,1251,200001,12.850086680999084,1165
ft20,ga,p,0.5,5,5007,1250,200001,13.775129857000138,1165
ft20,ga,p,0.5,6,6007,1221,200001,14.392296755000643,1165
ft20,ga,p,0.5,7,7007,1187,200001,16.406109658000787,1165
ft20,ga,p,0.5,8,8007,1219,200001,14.485178304999863,1165
ft20,ga,p,0.5,9,9007,1180,200001,14.225862017001418,1165
ft20,ga,p,0.7,0,7,1216,200001,13.811052199998812,1165
ft20,ga,p,0.7,1,1007,1202,200001,13.98188512699926,1165
ft20,ga,p,0.7,2,2007,1273,200001,13.624265428999934,1165
ft20,ga,p,0.7,3,3007,1186,200001,13.112553119999575,1165
ft20,ga,p,0.7,4,4007,1277,200001,12.858768461999716,1165
ft20,ga,p,0.7,5,5007,1249,200001,13.031069214999661,1165
ft20,ga,p,0.7,6,6007,1233,200001,12.98946386499847,1165
ft20,ga,p,0.7,7,7007,1196,200001,12.868886625999949,1165
ft20,ga,p,0.7,8,8007,1220,200001,12.479535824000777,1165
ft20,ga,p,0.7,9,9007,1249,200001,12.929749738999817,1165
ft20,ga,tournament_pct,0.1,0,7,1285,200001,12.302792227001191,1165
ft20,ga,tournament_pct,0.1,1,1007,1196,200001,12.569573331000356,1165
ft20,ga,tournament_pct,0.1,2,2007,1204,200001,12.221927131000484,1165
ft20,ga,tournament_pct,0.1,3,3007,1181,200001,11.969301631001144,1165
ft20,ga,tournament_pct,0.1,4,4007,1216,200001,12.11992706899946,1165
ft20,ga,tournament_pct,0.1,5,5007,1227,200001,12.323514001000149,1165
ft20,ga,tournament_pct,0.1,6,6007,1227,200001,13.51232577600058,1165
ft20,ga,tournament_pct,0.1,7,7007,1205,200001,14.128460693000306,1165
ft20,ga,tournament_pct,0.1,8,8007,1246,200001,14.122638714999994,1165
ft20,ga,tournament_pct,0.1,9,9007,1261,200001,13.474682338999628,1165
ft20,ga,tournament_pct,0.3,0,7,1221,200001,12.925411869999152,1165
ft20,ga,tournament_pct,0.3,1,1007,1196,200001,13.539226877001056,1165
ft20,ga,tournament_pct,0.3,2,2007,1238,200001,13.177322751000247,1165
ft20,ga,tournament_pct,0.3,3,3007,1240,200001,12.77706735799984,1165
ft20,ga,tournament_pct,0.3,4,4007,1295,200001,13.173361275001298,1165
ft20,ga,tournament_pct,0.3,5,5007,1185,200001,12.679335406000973,1165
ft20,ga,tournament_pct,0.3,6,6007,1216,200001,12.510233531998892,1165
ft20,ga,tournament_pct,0.3,7,7007,1233,200001,13.095252130999143,1165
ft20,ga,tournament_pct,0.3,8,8007,1224,200001,12.86676994300069,1165
ft20,ga,tournament_pct,0.3,9,9007,1244,200001,12.592669736999596,1165
ft20,ga,tournament_pct,0.6,0,7,1222,200001,12.848910246999367,1165
ft20,ga,tournament_pct,0.6,1,1007,1259,200001,13.63820878200022,1165
ft20,ga,tournament_pct,0.6,2,2007,1221,200001,12.680918219999512,1165
ft20,ga,tournament_pct,0.6,3,3007,1280,200001,12.717527791000975,1165
ft20,ga,tournament_pct,0.6,4,4007,1212,200001,13.068106946000626,1165
ft20,ga,tournament_pct,0.6,5,5007,1234,200001,12.790802630001053,1165
ft20,ga,tournament_pct,0.6,6,6007,1221,200001,13.020898185999613,1165
ft20,ga,tournament_pct,0.6,7,7007,1205,200001,13.190302487000736,1165
ft20,ga,tournament_pct,0.6,8,8007,1257,200001,13.16322401600155,1165
ft20,ga,tournament_pct,0.6,9,9007,1234,200001,12.848464746999525,1165
