instance,method,run,seed,makespan,decode_calls,time,lower_bound,optimum,optimum_source,gap,method_label
mini3,local_search,0,7,11,200000,0.777,10,11,bruteforce,0.0,Loc. Search
mini3,local_search,1,1007,11,200000,0.775,10,11,bruteforce,0.0,Loc. Search
mini3,local_search,2,2007,11,200000,0.845,10,11,bruteforce,0.0,Loc. Search
mini3,local_search,3,3007,11,200000,0.849,10,11,bruteforce,0.0,Loc. Search
mini3,local_search,4,4007,11,200000,0.836,10,11,bruteforce,0.0,Loc. Search
mini3,local_search,5,5007,11,200000,0.8,10,11,bruteforce,0.0,Loc. Search
mini3,local_search,6,6007,11,200000,0.759,10,11,bruteforce,0.0,Loc. Search
mini3,local_search,7,7007,11,200000,0.833,10,11,bruteforce,0.0,Loc. Search
mini3,local_search,8,8007,11,200000,0.842,10,11,bruteforce,0.0,Loc. Search
mini3,local_search,9,9007,11,200000,0.848,10,11,bruteforce,0.0,Loc. Search
mini3,local_search,10,10007,11,200000,0.756,10,11,bruteforce,0.0,Loc. Search
mini3,local_search,11,11007,11,200000,0.775,10,11,bruteforce,0.0,Loc. Search
mini3,local_search,12,12007,11,200000,0.86,10,11,bruteforce,0.0,Loc. Search
mini3,local_search,13,13007,11,200000,0.785,10,11,bruteforce,0.0,Loc. Search
mini3,local_search,14,14007,11,200000,0.711,10,11,bruteforce,0.0,Loc. Search
mini3,local_search,15,15007,11,200000,0.705,10,11,bruteforce,0.0,Loc. Search
mini3,local_search,16,16007,11,200000,0.694,10,11,bruteforce,0.0,Loc. Search
mini3,local_search,17,17007,11,200000,0.703,10,11,bruteforce,0.0,Loc. Search
mini3,local_search,18,18007,11,200000,0.684,10,11,bruteforce,0.0,Loc. Search
mini3,local_search,19,19007,11,200000,0.763,10,11,bruteforce,0.0,Loc. Search
mini3,local_search,20,20007,11,200000,0.744,10,11,bruteforce,0.0,Loc. Search
mini3,local_search,21,21007,11,200000,0.786,10,11,bruteforce,0.0,Loc. Search
mini3,local_search,22,22007,11,200000,0.752,10,11,bruteforce,0.0,Loc. Search
mini3,local_search,23,23007,11,200000,0.738,10,11,bruteforce,0.0,Loc. Search
mini3,local_search,24,24007,11,200000,0.729,10,11,bruteforce,0.0,Loc. Search
mini3,local_search,25,25007,11,200000,0.718,10,11,bruteforce,0.0,Loc. Search
mini3,local_search,26,26007,11,200000,0.721,10,11,bruteforce,0.0,Loc. Search
mini3,local_search,27,27007,11,200000,0.7,10,11,bruteforce,0.0,Loc. Search
mini3,local_search,28,28007,11,200000,0.726,10,11,bruteforce,0.0,Loc. Search
mini3,local_search,29,29007,11,200000,0.732,10,11,bruteforce,0.0,Loc. Search
mini3,annealing,0,7,11,200000,1.025,10,11,bruteforce,0.0,Annealing
mini3,annealing,1,1007,11,200000,1.094,10,11,bruteforce,0.0,Annealing
mini3,annealing,2,2007,11,200000,1.088,10,11,bruteforce,0.0,Annealing
mini3,annealing,3,3007,11,200000,1.116,10,11,bruteforce,0.0,Annealing
mini3,annealing,4,4007,11,200000,1.139,10,11,bruteforce,0.0,Annealing
mini3,annealing,5,5007,11,200000,1.03,10,11,bruteforce,0.0,Annealing
mini3,annealing,6,6007,11,200000,1.034,10,11,bruteforce,0.0,Annealing
mini3,annealing,7,7007,11,200000,1.068,10,11,bruteforce,0.0,Annealing
mini3,annealing,8,8007,11,200000,1.104,10,11,bruteforce,0.0,Annealing
mini3,annealing,9,9007,11,200000,1.126,10,11,bruteforce,0.0,Annealing
mini3,annealing,10,10007,11,200000,1.087,10,11,bruteforce,0.0,Annealing
mini3,annealing,11,11007,11,200000,1.111,10,11,bruteforce,0.0,Annealing
mini3,annealing,12,12007,11,200000,1.129,10,11,bruteforce,0.0,Annealing
mini3,annealing,13,13007,11,200000,1.091,10,11,bruteforce,0.0,Annealing
mini3,annealing,14,14007,11,200000,0.991,10,11,bruteforce,0.0,Annealing
mini3,annealing,15,15007,11,200000,0.931,10,11,bruteforce,0.0,Annealing
mini3,annealing,16,16007,11,200000,0.927,10,11,bruteforce,0.0,Annealing
mini3,annealing,17,17007,11,200000,0.905,10,11,bruteforce,0.0,Annealing
mini3,annealing,18,18007,11,200000,0.944,10,11,bruteforce,0.0,Annealing
mini3,annealing,19,19007,11,200000,0.96,10,11,bruteforce,0.0,Annealing
mini3,annealing,20,20007,11,200000,0.973,10,11,bruteforce,0.0,Annealing
mini3,annealing,21,21007,11,200000,0.924,10,11,bruteforce,0.0,Annealing
mini3,annealing,22,22007,11,200000,0.943,10,11,bruteforce,0.0,Annealing
mini3,annealing,23,23007,11,200000,0.939,10,11,bruteforce,0.0,Annealing
mini3,annealing,24,24007,11,200000,0.951,10,11,bruteforce,0.0,Annealing
mini3,annealing,25,25007,11,200000,0.965,10,11,bruteforce,0.0,Annealing
mini3,annealing,26,26007,11,200000,0.926,10,11,bruteforce,0.0,Annealing
mini3,annealing,27,27007,11,200000,0.967,10,11,bruteforce,0.0,Annealing
mini3,annealing,28,28007,11,200000,0.968,10,11,bruteforce,0.0,Annealing
mini3,annealing,29,29007,11,200000,1.027,10,11,bruteforce,0.0,Annealing
mini3,vns,0,7,11,200000,0.731,10,11,bruteforce,0.0,VNS
mini3,vns,1,1007,11,200000,0.68,10,11,bruteforce,0.0,VNS
mini3,vns,2,2007,11,200000,0.724,10,11,bruteforce,0.0,VNS
mini3,vns,3,3007,11,200000,0.738,10,11,bruteforce,0.0,VNS
mini3,vns,4,4007,11,200000,0.773,10,11,bruteforce,0.0,VNS
mini3,vns,5,5007,11,200000,0.776,10,11,bruteforce,0.0,VNS
mini3,vns,6,6007,11,200000,0.742,10,11,bruteforce,0.0,VNS
mini3,vns,7,7007,11,200000,0.747,10,11,bruteforce,0.0,VNS
mini3,vns,8,8007,11,200000,0.725,10,11,bruteforce,0.0,VNS
mini3,vns,9,9007,11,200000,0.739,10,11,bruteforce,0.0,VNS
mini3,vns,10,10007,11,200000,0.814,10,11,bruteforce,0.0,VNS
mini3,vns,11,11007,11,200000,0.878,10,11,bruteforce,0.0,VNS
mini3,vns,12,12007,11,200000,0.845,10,11,bruteforce,0.0,VNS
mini3,vns,13,13007,11,200000,0.8,10,11,bruteforce,0.0,VNS
mini3,vns,14,14007,11,200000,0.784,10,11,bruteforce,0.0,VNS
mini3,vns,15,15007,11,200000,0.75,10,11,bruteforce,0.0,VNS
mini3,vns,16,16007,11,200000,0.795,10,11,bruteforce,0.0,VNS
mini3,vns,17,17007,11,200000,0.82,10,11,bruteforce,0.0,VNS
mini3,vns,18,18007,11,200000,0.853,10,11,bruteforce,0.0,VNS
mini3,vns,19,19007,11,200000,0.828,10,11,bruteforce,0.0,VNS
mini3,vns,20,20007,11,200000,0.828,10,11,bruteforce,0.0,VNS
mini3,vns,21,21007,11,200000,0.793,10,11,bruteforce,0.0,VNS
mini3,vns,22,22007,11,200000,0.783,10,11,bruteforce,0.0,VNS
mini3,vns,23,23007,11,200000,0.776,10,11,bruteforce,0.0,VNS
mini3,vns,24,24007,11,200000,0.808,10,11,bruteforce,0.0,VNS
mini3,vns,25,25007,11,200000,0.782,10,11,bruteforce,0.0,VNS
mini3,vns,26,26007,11,200000,0.867,10,11,bruteforce,0.0,VNS
mini3,vns,27,27007,11,200000,0.857,10,11,bruteforce,0.0,VNS
mini3,vns,28,28007,11,200000,0.883,10,11,bruteforce,0.0,VNS
mini3,vns,29,29007,11,200000,0.854,10,11,bruteforce,0.0,VNS
mini3,ga,0,7,11,200001,3.165,10,11,bruteforce,0.0,GA
mini3,ga,1,1007,11,200001,2.925,10,11,bruteforce,0.0,GA
mini3,ga,2,2007,11,200001,2.839,10,11,bruteforce,0.0,GA
mini3,ga,3,3007,11,200001,2.826,10,11,bruteforce,0.0,GA
mini3,ga,4,4007,11,200001,3.048,10,11,bruteforce,0.0,GA
mini3,ga,5,5007,11,200001,2.85,10,11,bruteforce,0.0,GA
mini3,ga,6,6007,11,200001,2.947,10,11,bruteforce,0.0,GA
mini3,ga,7,7007,11,200001,3.06,10,11,bruteforce,0.0,GA
mini3,ga,8,8007,11,200001,2.954,10,11,bruteforce,0.0,GA
mini3,ga,9,9007,11,200001,3.073,10,11,bruteforce,0.0,GA
mini3,ga,10,10007,11,200001,2.909,10,11,bruteforce,0.0,GA
mini3,ga,11,11007,11,200001,2.967,10,11,bruteforce,0.0,GA
mini3,ga,12,12007,11,200001,2.915,10,11,bruteforce,0.0,GA
mini3,ga,13,13007,11,200001,2.972,10,11,bruteforce,0.0,GA
mini3,ga,14,14007,11,200001,3.052,10,11,bruteforce,0.0,GA
mini3,ga,15,15007,11,200001,3.179,10,11,bruteforce,0.0,GA
mini3,ga,16,16007,11,200001,3.27,10,11,bruteforce,0.0,GA
mini3,ga,17,17007,11,200001,3.206,10,11,bruteforce,0.0,GA
mini3,ga,18,18007,11,200001,3.184,10,11,bruteforce,0.0,GA
mini3,ga,19,19007,11,200001,2.94,10,11,bruteforce,0.0,GA
mini3,ga,20,20007,11,200001,2.893,10,11,bruteforce,0.0,GA
mini3,ga,21,21007,11,200001,2.94,10,11,bruteforce,0.0,GA
mini3,ga,22,22007,11,200001,3.105,10,11,bruteforce,0.0,GA
mini3,ga,23,23007,11,200001,2.893,10,11,bruteforce,0.0,GA
mini3,ga,24,24007,11,200001,3.152,10,11,bruteforce,0.0,GA
mini3,ga,25,25007,11,200001,3.007,10,11,bruteforce,0.0,GA
mini3,ga,26,26007,11,200001,3.013,10,11,bruteforce,0.0,GA
mini3,ga,27,27007,11,200001,2.984,10,11,bruteforce,0.0,GA
mini3,ga,28,28007,11,200001,2.865,10,11,bruteforce,0.0,GA
mini3,ga,29,29007,11,200001,3.055,10,11,bruteforce,0.0,GA
ft06,local_search,0,7,55,200000,2.065,47,55,Fisher & Thompson 1963,0.0,Loc. Search
ft06,local_search,1,1007,55,200000,1.933,47,55,Fisher & Thompson 1963,0.0,Loc. Search
ft06,local_search,2,2007,55,200000,1.772,47,55,Fisher & Thompson 1963,0.0,Loc. Search
ft06,local_search,3,3007,55,200000,1.743,47,55,Fisher & Thompson 1963,0.0,Loc. Search
ft06,local_search,4,4007,55,200000,1.913,47,55,Fisher & Thompson 1963,0.0,Loc. Search
ft06,local_search,5,5007,55,200000,1.968,47,55,Fisher & Thompson 1963,0.0,Loc. Search
ft06,local_search,6,6007,55,200000,1.964,47,55,Fisher & Thompson 1963,0.0,Loc. Search
ft06,local_search,7,7007,55,200000,1.997,47,55,Fisher & Thompson 1963,0.0,Loc. Search
ft06,local_search,8,8007,55,200000,2.1,47,55,Fisher & Thompson 1963,0.0,Loc. Search
ft06,local_search,9,9007,55,200000,2.08,47,55,Fisher & Thompson 1963,0.0,Loc. Search
ft06,local_search,10,10007,55,200000,1.838,47,55,Fisher & Thompson 1963,0.0,Loc. Search
ft06,local_search,11,11007,55,200000,1.795,47,55,Fisher & Thompson 1963,0.0,Loc. Search
ft06,local_search,12,12007,55,200000,1.839,47,55,Fisher & Thompson 1963,0.0,Loc. Search
ft06,local_search,13,13007,55,200000,2.045,47,55,Fisher & Thompson 1963,0.0,Loc. Search
ft06,local_search,14,14007,55,200000,2.192,47,55,Fisher & Thompson 1963,0.0,Loc. Search
ft06,local_search,15,15007,55,200000,2.181,47,55,Fisher & Thompson 1963,0.0,Loc. Search
ft06,local_search,16,16007,55,200000,2.126,47,55,Fisher & Thompson 1963,0.0,Loc. Search
ft06,local_search,17,17007,55,200000,2.193,47,55,Fisher & Thompson 1963,0.0,Loc. Search
ft06,local_search,18,18007,55,200000,2.139,47,55,Fisher & Thompson 1963,0.0,Loc. Search
ft06,local_search,19,19007,55,200000,2.09,47,55,Fisher & Thompson 1963,0.0,Loc. Search
ft06,local_search,20,20007,55,200000,2.134,47,55,Fisher & Thompson 1963,0.0,Loc. Search
ft06,local_search,21,21007,55,200000,2.157,47,55,Fisher & Thompson 1963,0.0,Loc. Search
ft06,local_search,22,22007,55,200000,2.14,47,55,Fisher & Thompson 1963,0.0,Loc. Search
ft06,local_search,23,23007,55,200000,2.151,47,55,Fisher & Thompson 1963,0.0,Loc. Search
ft06,local_search,24,24007,55,200000,2.143,47,55,Fisher & Thompson 1963,0.0,Loc. Search
ft06,local_search,25,25007,55,200000,2.145,47,55,Fisher & Thompson 1963,0.0,Loc. Search
ft06,local_search,26,26007,55,200000,2.13,47,55,Fisher & Thompson 1963,0.0,Loc. Search
ft06,local_search,27,27007,55,200000,2.193,47,55,Fisher & Thompson 1963,0.0,Loc. Search
ft06,local_search,28,28007,55,200000,2.146,47,55,Fisher & Thompson 1963,0.0,Loc. Search
ft06,local_search,29,29007,55,200000,2.077,47,55,Fisher & Thompson 1963,0.0,Loc. Search
ft06,annealing,0,7,55,200000,2.45,47,55,Fisher & Thompson 1963,0.0,Annealing
ft06,annealing,1,1007,55,200000,2.557,47,55,Fisher & Thompson 1963,0.0,Annealing
ft06,annealing,2,2007,55,200000,2.518,47,55,Fisher & Thompson 1963,0.0,Annealing
ft06,annealing,3,3007,55,200000,2.408,47,55,Fisher & Thompson 1963,0.0,Annealing
ft06,annealing,4,4007,55,200000,2.551,47,55,Fisher & Thompson 1963,0.0,Annealing
ft06,annealing,5,5007,55,200000,2.51,47,55,Fisher & Thompson 1963,0.0,Annealing
ft06,annealing,6,6007,55,200000,2.572,47,55,Fisher & Thompson 1963,0.0,Annealing
ft06,annealing,7,7007,55,200000,2.499,47,55,Fisher & Thompson 1963,0.0,Annealing
ft06,annealing,8,8007,55,200000,2.557,47,55,Fisher & Thompson 1963,0.0,Annealing
ft06,annealing,9,9007,55,200000,2.455,47,55,Fisher & Thompson 1963,0.0,Annealing
ft06,annealing,10,10007,55,200000,2.5,47,55,Fisher & Thompson 1963,0.0,Annealing
ft06,annealing,11,11007,55,200000,2.428,47,55,Fisher & Thompson 1963,0.0,Annealing
ft06,annealing,12,12007,55,200000,2.488,47,55,Fisher & Thompson 1963,0.0,Annealing
ft06,annealing,13,13007,55,200000,2.497,47,55,Fisher & Thompson 1963,0.0,Annealing
ft06,annealing,14,14007,55,200000,2.491,47,55,Fisher & Thompson 1963,0.0,Annealing
ft06,annealing,15,15007,55,200000,2.54,47,55,Fisher & Thompson 1963,0.0,Annealing
ft06,annealing,16,16007,55,200000,2.521,47,55,Fisher & Thompson 1963,0.0,Annealing
ft06,annealing,17,17007,55,200000,2.464,47,55,Fisher & Thompson 1963,0.0,Annealing
ft06,annealing,18,18007,55,200000,2.449,47,55,Fisher & Thompson 1963,0.0,Annealing
ft06,annealing,19,19007,55,200000,2.481,47,55,Fisher & Thompson 1963,0.0,Annealing
ft06,annealing,20,20007,55,200000,2.421,47,55,Fisher & Thompson 1963,0.0,Annealing
ft06,annealing,21,21007,55,200000,2.393,47,55,Fisher & Thompson 1963,0.0,Annealing
ft06,annealing,22,22007,55,200000,2.397,47,55,Fisher & Thompson 1963,0.0,Annealing
ft06,annealing,23,23007,55,200000,2.551,47,55,Fisher & Thompson 1963,0.0,Annealing
ft06,annealing,24,24007,55,200000,2.379,47,55,Fisher & Thompson 1963,0.0,Annealing
ft06,annealing,25,25007,55,200000,2.408,47,55,Fisher & Thompson 1963,0.0,Annealing
ft06,annealing,26,26007,55,200000,2.406,47,55,Fisher & Thompson 1963,0.0,Annealing
ft06,annealing,27,27007,55,200000,2.375,47,55,Fisher & Thompson 1963,0.0,Annealing
ft06,annealing,28,28007,55,200000,2.316,47,55,Fisher & Thompson 1963,0.0,Annealing
ft06,annealing,29,29007,55,200000,2.361,47,55,Fisher & Thompson 1963,0.0,Annealing
ft06,vns,0,7,55,200000,2.045,47,55,Fisher & Thompson 1963,0.0,VNS
ft06,vns,1,1007,55,200000,2.015,47,55,Fisher & Thompson 1963,0.0,VNS
ft06,vns,2,2007,55,200000,2.031,47,55,Fisher & Thompson 1963,0.0,VNS
ft06,vns,3,3007,55,200000,2.052,47,55,Fisher & Thompson 1963,0.0,VNS
ft06,vns,4,4007,55,200000,2.073,47,55,Fisher & Thompson 1963,0.0,VNS
ft06,vns,5,5007,55,200000,1.98,47,55,Fisher & Thompson 1963,0.0,VNS
ft06,vns,6,6007,55,200000,2.134,47,55,Fisher & Thompson 1963,0.0,VNS
ft06,vns,7,7007,55,200000,1.88,47,55,Fisher & Thompson 1963,0.0,VNS
ft06,vns,8,8007,55,200000,1.859,47,55,Fisher & Thompson 1963,0.0,VNS
ft06,vns,9,9007,55,200000,1.867,47,55,Fisher & Thompson 1963,0.0,VNS
ft06,vns,10,10007,55,200000,1.869,47,55,Fisher & Thompson 1963,0.0,VNS
ft06,vns,11,11007,55,200000,2.017,47,55,Fisher & Thompson 1963,0.0,VNS
ft06,vns,12,12007,55,200000,2.084,47,55,Fisher & Thompson 1963,0.0,VNS
ft06,vns,13,13007,55,200000,2.039,47,55,Fisher & Thompson 1963,0.0,VNS
ft06,vns,14,14007,55,200000,2.138,47,55,Fisher & Thompson 1963,0.0,VNS
ft06,vns,15,15007,55,200000,2.109,47,55,Fisher & Thompson 1963,0.0,VNS
ft06,vns,16,16007,55,200000,2.126,47,55,Fisher & Thompson 1963,0.0,VNS
ft06,vns,17,17007,55,200000,2.061,47,55,Fisher & Thompson 1963,0.0,VNS
ft06,vns,18,18007,55,200000,2.125,47,55,Fisher & Thompson 1963,0.0,VNS
ft06,vns,19,19007,55,200000,2.126,47,55,Fisher & Thompson 1963,0.0,VNS
ft06,vns,20,20007,55,200000,2.11,47,55,Fisher & Thompson 1963,0.0,VNS
ft06,vns,21,21007,55,200000,1.914,47,55,Fisher & Thompson 1963,0.0,VNS
ft06,vns,22,22007,55,200000,1.906,47,55,Fisher & Thompson 1963,0.0,VNS
ft06,vns,23,23007,55,200000,1.911,47,55,Fisher & Thompson 1963,0.0,VNS
ft06,vns,24,24007,55,200000,1.971,47,55,Fisher & Thompson 1963,0.0,VNS
ft06,vns,25,25007,55,200000,1.866,47,55,Fisher & Thompson 1963,0.0,VNS
ft06,vns,26,26007,55,200000,2.008,47,55,Fisher & Thompson 1963,0.0,VNS
ft06,vns,27,27007,55,200000,2.18,47,55,Fisher & Thompson 1963,0.0,VNS
ft06,vns,28,28007,55,200000,2.057,47,55,Fisher & Thompson 1963,0.0,VNS
ft06,vns,29,29007,55,200000,1.927,47,55,Fisher & Thompson 1963,0.0,VNS
ft06,ga,0,7,55,200001,6.213,47,55,Fisher & Thompson 1963,0.0,GA
ft06,ga,1,1007,55,200001,6.43,47,55,Fisher & Thompson 1963,0.0,GA
ft06,ga,2,2007,55,200001,6.652,47,55,Fisher & Thompson 1963,0.0,GA
ft06,ga,3,3007,55,200001,6.542,47,55,Fisher & Thompson 1963,0.0,GA
ft06,ga,4,4007,55,200001,6.599,47,55,Fisher & Thompson 1963,0.0,GA
ft06,ga,5,5007,55,200001,6.17,47,55,Fisher & Thompson 1963,0.0,GA
ft06,ga,6,6007,55,200001,6.164,47,55,Fisher & Thompson 1963,0.0,GA
ft06,ga,7,7007,55,200001,6.696,47,55,Fisher & Thompson 1963,0.0,GA
ft06,ga,8,8007,55,200001,6.642,47,55,Fisher & Thompson 1963,0.0,GA
ft06,ga,9,9007,55,200001,6.543,47,55,Fisher & Thompson 1963,0.0,GA
ft06,ga,10,10007,55,200001,6.344,47,55,Fisher & Thompson 1963,0.0,GA
ft06,ga,11,11007,55,200001,6.63,47,55,Fisher & Thompson 1963,0.0,GA
ft06,ga,12,12007,55,200001,6.75,47,55,Fisher & Thompson 1963,0.0,GA
ft06,ga,13,13007,55,200001,6.252,47,55,Fisher & Thompson 1963,0.0,GA
ft06,ga,14,14007,55,200001,6.85,47,55,Fisher & Thompson 1963,0.0,GA
ft06,ga,15,15007,57,200001,7.069,47,55,Fisher & Thompson 1963,3.6363636363636362,GA
ft06,ga,16,16007,55,200001,6.685,47,55,Fisher & Thompson 1963,0.0,GA
ft06,ga,17,17007,55,200001,6.28,47,55,Fisher & Thompson 1963,0.0,GA
ft06,ga,18,18007,55,200001,6.615,47,55,Fisher & Thompson 1963,0.0,GA
ft06,ga,19,19007,55,200001,6.442,47,55,Fisher & Thompson 1963,0.0,GA
ft06,ga,20,20007,55,200001,6.71,47,55,Fisher & Thompson 1963,0.0,GA
ft06,ga,21,21007,55,200001,6.966,47,55,Fisher & Thompson 1963,0.0,GA
ft06,ga,22,22007,55,200001,6.438,47,55,Fisher & Thompson 1963,0.0,GA
ft06,ga,23,23007,55,200001,6.422,47,55,Fisher & Thompson 1963,0.0,GA
ft06,ga,24,24007,55,200001,6.314,47,55,Fisher & Thompson 1963,0.0,GA
ft06,ga,25,25007,59,200001,6.362,47,55,Fisher & Thompson 1963,7.2727272727272725,GA
ft06,ga,26,26007,55,200001,6.831,47,55,Fisher & Thompson 1963,0.0,GA
ft06,ga,27,27007,55,200001,6.287,47,55,Fisher & Thompson 1963,0.0,GA
ft06,ga,28,28007,55,200001,6.322,47,55,Fisher & Thompson 1963,0.0,GA
ft06,ga,29,29007,55,200001,6.736,47,55,Fisher & Thompson 1963,0.0,GA
la01,local_search,0,7,666,200000,2.947,666,666,lower bound,0.0,Loc. Search
la01,local_search,1,1007,666,200000,2.971,666,666,lower bound,0.0,Loc. Search
la01,local_search,2,2007,666,200000,2.744,666,666,lower bound,0.0,Loc. Search
la01,local_search,3,3007,666,200000,2.988,666,666,lower bound,0.0,Loc. Search
la01,local_search,4,4007,666,200000,3.175,666,666,lower bound,0.0,Loc. Search
la01,local_search,5,5007,666,200000,2.817,666,666,lower bound,0.0,Loc. Search
la01,local_search,6,6007,666,200000,2.751,666,666,lower bound,0.0,Loc. Search
la01,local_search,7,7007,666,200000,2.783,666,666,lower bound,0.0,Loc. Search
la01,local_search,8,8007,666,200000,2.857,666,666,lower bound,0.0,Loc. Search
la01,local_search,9,9007,666,200000,2.932,666,666,lower bound,0.0,Loc. Search
la01,local_search,10,10007,666,200000,2.994,666,666,lower bound,0.0,Loc. Search
la01,local_search,11,11007,666,200000,2.853,666,666,lower bound,0.0,Loc. Search
la01,local_search,12,12007,666,200000,2.978,666,666,lower bound,0.0,Loc. Search
la01,local_search,13,13007,666,200000,2.971,666,666,lower bound,0.0,Loc. Search
la01,local_search,14,14007,666,200000,2.933,666,666,lower bound,0.0,Loc. Search
la01,local_search,15,15007,666,200000,2.756,666,666,lower bound,0.0,Loc. Search
la01,local_search,16,16007,666,200000,2.749,666,666,lower bound,0.0,Loc. Search
la01,local_search,17,17007,666,200000,2.828,666,666,lower bound,0.0,Loc. Search
la01,local_search,18,18007,666,200000,2.7,666,666,lower bound,0.0,Loc. Search
la01,local_search,19,19007,666,200000,2.74,666,666,lower bound,0.0,Loc. Search
la01,local_search,20,20007,666,200000,2.719,666,666,lower bound,0.0,Loc. Search
la01,local_search,21,21007,666,200000,2.701,666,666,lower bound,0.0,Loc. Search
la01,local_search,22,22007,666,200000,2.677,666,666,lower bound,0.0,Loc. Search
la01,local_search,23,23007,666,200000,2.717,666,666,lower bound,0.0,Loc. Search
la01,local_search,24,24007,666,200000,2.743,666,666,lower bound,0.0,Loc. Search
la01,local_search,25,25007,666,200000,2.73,666,666,lower bound,0.0,Loc. Search
la01,local_search,26,26007,666,200000,2.753,666,666,lower bound,0.0,Loc. Search
la01,local_search,27,27007,666,200000,2.718,666,666,lower bound,0.0,Loc. Search
la01,local_search,28,28007,666,200000,2.726,666,666,lower bound,0.0,Loc. Search
la01,local_search,29,29007,666,200000,2.809,666,666,lower bound,0.0,Loc. Search
la01,annealing,0,7,666,200000,3.088,666,666,lower bound,0.0,Annealing
la01,annealing,1,1007,666,200000,3.165,666,666,lower bound,0.0,Annealing
la01,annealing,2,2007,666,200000,3.366,666,666,lower bound,0.0,Annealing
la01,annealing,3,3007,666,200000,3.384,666,666,lower bound,0.0,Annealing
la01,annealing,4,4007,666,200000,3.035,666,666,lower bound,0.0,Annealing
la01,annealing,5,5007,666,200000,3.186,666,666,lower bound,0.0,Annealing
la01,annealing,6,6007,666,200000,3.299,666,666,lower bound,0.0,Annealing
la01,annealing,7,7007,666,200000,3.141,666,666,lower bound,0.0,Annealing
la01,annealing,8,8007,666,200000,2.948,666,666,lower bound,0.0,Annealing
la01,annealing,9,9007,666,200000,2.921,666,666,lower bound,0.0,Annealing
la01,annealing,10,10007,666,200000,2.935,666,666,lower bound,0.0,Annealing
la01,annealing,11,11007,666,200000,3.249,666,666,lower bound,0.0,Annealing
la01,annealing,12,12007,666,200000,3.063,666,666,lower bound,0.0,Annealing
la01,annealing,13,13007,666,200000,3.012,666,666,lower bound,0.0,Annealing
la01,annealing,14,14007,666,200000,3.095,666,666,lower bound,0.0,Annealing
la01,annealing,15,15007,666,200000,2.971,666,666,lower bound,0.0,Annealing
la01,annealing,16,16007,666,200000,2.925,666,666,lower bound,0.0,Annealing
la01,annealing,17,17007,666,200000,2.898,666,666,lower bound,0.0,Annealing
la01,annealing,18,18007,666,200000,3.033,666,666,lower bound,0.0,Annealing
la01,annealing,19,19007,666,200000,2.959,666,666,lower bound,0.0,Annealing
la01,annealing,20,20007,666,200000,3.173,666,666,lower bound,0.0,Annealing
la01,annealing,21,21007,666,200000,3.482,666,666,lower bound,0.0,Annealing
la01,annealing,22,22007,666,200000,3.484,666,666,lower bound,0.0,Annealing
la01,annealing,23,23007,666,200000,3.569,666,666,lower bound,0.0,Annealing
la01,annealing,24,24007,666,200000,3.581,666,666,lower bound,0.0,Annealing
la01,annealing,25,25007,666,200000,3.587,666,666,lower bound,0.0,Annealing
la01,annealing,26,26007,666,200000,3.642,666,666,lower bound,0.0,Annealing
la01,annealing,27,27007,666,200000,3.462,666,666,lower bound,0.0,Annealing
la01,annealing,28,28007,666,200000,3.353,666,666,lower bound,0.0,Annealing
la01,annealing,29,29007,666,200000,3.547,666,666,lower bound,0.0,Annealing
la01,vns,0,7,666,200000,3.0,666,666,lower bound,0.0,VNS
la01,vns,1,1007,666,200000,3.257,666,666,lower bound,0.0,VNS
la01,vns,2,2007,666,200000,3.516,666,666,lower bound,0.0,VNS
la01,vns,3,3007,666,200000,2.911,666,666,lower bound,0.0,VNS
la01,vns,4,4007,666,200000,3.031,666,666,lower bound,0.0,VNS
la01,vns,5,5007,666,200000,2.999,666,666,lower bound,0.0,VNS
la01,vns,6,6007,666,200000,2.709,666,666,lower bound,0.0,VNS
la01,vns,7,7007,666,200000,2.684,666,666,lower bound,0.0,VNS
la01,vns,8,8007,666,200000,3.066,666,666,lower bound,0.0,VNS
la01,vns,9,9007,666,200000,3.215,666,666,lower bound,0.0,VNS
la01,vns,10,10007,666,200000,3.246,666,666,lower bound,0.0,VNS
la01,vns,11,11007,666,200000,3.177,666,666,lower bound,0.0,VNS
la01,vns,12,12007,666,200000,3.319,666,666,lower bound,0.0,VNS
la01,vns,13,13007,666,200000,3.188,666,666,lower bound,0.0,VNS
la01,vns,14,14007,666,200000,3.23,666,666,lower bound,0.0,VNS
la01,vns,15,15007,666,200000,3.18,666,666,lower bound,0.0,VNS
la01,vns,16,16007,666,200000,3.223,666,666,lower bound,0.0,VNS
la01,vns,17,17007,666,200000,3.185,666,666,lower bound,0.0,VNS
la01,vns,18,18007,666,200000,3.134,666,666,lower bound,0.0,VNS
la01,vns,19,19007,666,200000,3.162,666,666,lower bound,0.0,VNS
la01,vns,20,20007,666,200000,3.165,666,666,lower bound,0.0,VNS
la01,vns,21,21007,666,200000,3.166,666,666,lower bound,0.0,VNS
la01,vns,22,22007,666,200000,3.204,666,666,lower bound,0.0,VNS
la01,vns,23,23007,666,200000,3.195,666,666,lower bound,0.0,VNS
la01,vns,24,24007,666,200000,3.114,666,666,lower bound,0.0,VNS
la01,vns,25,25007,666,200000,2.995,666,666,lower bound,0.0,VNS
la01,vns,26,26007,666,200000,3.156,666,666,lower bound,0.0,VNS
la01,vns,27,27007,666,200000,3.307,666,666,lower bound,0.0,VNS
la01,vns,28,28007,666,200000,3.19,666,666,lower bound,0.0,VNS
la01,vns,29,29007,666,200000,2.944,666,666,lower bound,0.0,VNS
la01,ga,0,7,692,200001,9.715,666,666,lower bound,3.903903903903904,GA
la01,ga,1,1007,666,200001,9.563,666,666,lower bound,0.0,GA
la01,ga,2,2007,666,200001,9.626,666,666,lower bound,0.0,GA
la01,ga,3,3007,678,200001,9.666,666,666,lower bound,1.8018018018018018,GA
la01,ga,4,4007,666,200001,9.756,666,666,lower bound,0.0,GA
la01,ga,5,5007,688,200001,9.905,666,666,lower bound,3.303303303303303,GA
la01,ga,6,6007,666,200001,9.016,666,666,lower bound,0.0,GA
la01,ga,7,7007,666,200001,9.376,666,666,lower bound,0.0,GA
la01,ga,8,8007,688,200001,9.637,666,666,lower bound,3.303303303303303,GA
la01,ga,9,9007,666,200001,9.205,666,666,lower bound,0.0,GA
la01,ga,10,10007,666,200001,9.676,666,666,lower bound,0.0,GA
la01,ga,11,11007,667,200001,9.644,666,666,lower bound,0.15015015015015015,GA
la01,ga,12,12007,666,200001,9.158,666,666,lower bound,0.0,GA
la01,ga,13,13007,666,200001,9.269,666,666,lower bound,0.0,GA
la01,ga,14,14007,666,200001,9.207,666,666,lower bound,0.0,GA
la01,ga,15,15007,667,200001,8.976,666,666,lower bound,0.15015015015015015,GA
la01,ga,16,16007,666,200001,9.378,666,666,lower bound,0.0,GA
la01,ga,17,17007,667,200001,8.187,666,666,lower bound,0.15015015015015015,GA
la01,ga,18,18007,667,200001,7.872,666,666,lower bound,0.15015015015015015,GA
la01,ga,19,19007,667,200001,7.608,666,666,lower bound,0.15015015015015015,GA
la01,ga,20,20007,666,200001,7.751,666,666,lower bound,0.0,GA
la01,ga,21,21007,688,200001,7.467,666,666,lower bound,3.303303303303303,GA
la01,ga,22,22007,666,200001,7.658,666,666,lower bound,0.0,GA
la01,ga,23,23007,666,200001,7.984,666,666,lower bound,0.0,GA
la01,ga,24,24007,666,200001,8.515,666,666,lower bound,0.0,GA
la01,ga,25,25007,678,200001,8.724,666,666,lower bound,1.8018018018018018,GA
la01,ga,26,26007,666,200001,8.823,666,666,lower bound,0.0,GA
la01,ga,27,27007,666,200001,8.671,666,666,lower bound,0.0,GA
la01,ga,28,28007,666,200001,8.861,666,666,lower bound,0.0,GA
la01,ga,29,29007,666,200001,8.811,666,666,lower bound,0.0,GA
la02,local_search,0,7,666,200000,2.996,635,655,Lawrence 1984,1.6793893129770994,Loc. Search
la02,local_search,1,1007,665,200000,3.033,635,655,Lawrence 1984,1.5267175572519083,Loc. Search
la02,local_search,2,2007,663,200000,3.04,635,655,Lawrence 1984,1.2213740458015268,Loc. Search
la02,local_search,3,3007,682,200000,3.06,635,655,Lawrence 1984,4.122137404580153,Loc. Search
la02,local_search,4,4007,676,200000,3.074,635,655,Lawrence 1984,3.2061068702290076,Loc. Search
la02,local_search,5,5007,675,200000,3.134,635,655,Lawrence 1984,3.0534351145038165,Loc. Search
la02,local_search,6,6007,663,200000,3.061,635,655,Lawrence 1984,1.2213740458015268,Loc. Search
la02,local_search,7,7007,665,200000,3.012,635,655,Lawrence 1984,1.5267175572519083,Loc. Search
la02,local_search,8,8007,685,200000,3.064,635,655,Lawrence 1984,4.580152671755725,Loc. Search
la02,local_search,9,9007,673,200000,3.085,635,655,Lawrence 1984,2.7480916030534353,Loc. Search
la02,local_search,10,10007,673,200000,3.08,635,655,Lawrence 1984,2.7480916030534353,Loc. Search
la02,local_search,11,11007,685,200000,3.071,635,655,Lawrence 1984,4.580152671755725,Loc. Search
la02,local_search,12,12007,684,200000,3.136,635,655,Lawrence 1984,4.427480916030534,Loc. Search
la02,local_search,13,13007,666,200000,3.015,635,655,Lawrence 1984,1.6793893129770994,Loc. Search
la02,local_search,14,14007,666,200000,3.089,635,655,Lawrence 1984,1.6793893129770994,Loc. Search
la02,local_search,15,15007,674,200000,3.111,635,655,Lawrence 1984,2.900763358778626,Loc. Search
la02,local_search,16,16007,672,200000,3.104,635,655,Lawrence 1984,2.595419847328244,Loc. Search
la02,local_search,17,17007,667,200000,3.11,635,655,Lawrence 1984,1.8320610687022902,Loc. Search
la02,local_search,18,18007,679,200000,3.124,635,655,Lawrence 1984,3.6641221374045805,Loc. Search
la02,local_search,19,19007,680,200000,3.031,635,655,Lawrence 1984,3.816793893129771,Loc. Search
la02,local_search,20,20007,692,200000,3.073,635,655,Lawrence 1984,5.648854961832061,Loc. Search
la02,local_search,21,21007,679,200000,2.985,635,655,Lawrence 1984,3.6641221374045805,Loc. Search
la02,local_search,22,22007,676,200000,3.009,635,655,Lawrence 1984,3.2061068702290076,Loc. Search
la02,local_search,23,23007,667,200000,3.037,635,655,Lawrence 1984,1.8320610687022902,Loc. Search
la02,local_search,24,24007,672,200000,3.024,635,655,Lawrence 1984,2.595419847328244,Loc. Search
la02,local_search,25,25007,675,200000,3.056,635,655,Lawrence 1984,3.0534351145038165,Loc. Search
la02,local_search,26,26007,676,200000,2.994,635,655,Lawrence 1984,3.2061068702290076,Loc. Search
la02,local_search,27,27007,671,200000,3.01,635,655,Lawrence 1984,2.4427480916030535,Loc. Search
la02,local_search,28,28007,666,200000,2.88,635,655,Lawrence 1984,1.6793893129770994,Loc. Search
la02,local_search,29,29007,701,200000,3.047,635,655,Lawrence 1984,7.022900763358779,Loc. Search
la02,annealing,0,7,655,200000,3.279,635,655,Lawrence 1984,0.0,Annealing
la02,annealing,1,1007,655,200000,3.202,635,655,Lawrence 1984,0.0,Annealing
la02,annealing,2,2007,669,200000,3.107,635,655,Lawrence 1984,2.1374045801526718,Annealing
la02,annealing,3,3007,665,200000,3.011,635,655,Lawrence 1984,1.5267175572519083,Annealing
la02,annealing,4,4007,655,200000,3.217,635,655,Lawrence 1984,0.0,Annealing
la02,annealing,5,5007,660,200000,3.3,635,655,Lawrence 1984,0.7633587786259541,Annealing
la02,annealing,6,6007,665,200000,3.362,635,655,Lawrence 1984,1.5267175572519083,Annealing
la02,annealing,7,7007,665,200000,3.142,635,655,Lawrence 1984,1.5267175572519083,Annealing
la02,annealing,8,8007,655,200000,3.304,635,655,Lawrence 1984,0.0,Annealing
la02,annealing,9,9007,667,200000,3.444,635,655,Lawrence 1984,1.8320610687022902,Annealing
la02,annealing,10,10007,655,200000,3.377,635,655,Lawrence 1984,0.0,Annealing
la02,annealing,11,11007,665,200000,3.335,635,655,Lawrence 1984,1.5267175572519083,Annealing
la02,annealing,12,12007,655,200000,3.491,635,655,Lawrence 1984,0.0,Annealing
la02,annealing,13,13007,655,200000,3.433,635,655,Lawrence 1984,0.0,Annealing
la02,annealing,14,14007,655,200000,3.295,635,655,Lawrence 1984,0.0,Annealing
la02,annealing,15,15007,655,200000,3.461,635,655,Lawrence 1984,0.0,Annealing
la02,annealing,16,16007,655,200000,3.326,635,655,Lawrence 1984,0.0,Annealing
la02,annealing,17,17007,655,200000,3.317,635,655,Lawrence 1984,0.0,Annealing
la02,annealing,18,18007,655,200000,3.446,635,655,Lawrence 1984,0.0,Annealing
la02,annealing,19,19007,655,200000,3.322,635,655,Lawrence 1984,0.0,Annealing
la02,annealing,20,20007,655,200000,3.075,635,655,Lawrence 1984,0.0,Annealing
la02,annealing,21,21007,655,200000,3.474,635,655,Lawrence 1984,0.0,Annealing
la02,annealing,22,22007,655,200000,3.332,635,655,Lawrence 1984,0.0,Annealing
la02,annealing,23,23007,665,200000,3.373,635,655,Lawrence 1984,1.5267175572519083,Annealing
la02,annealing,24,24007,669,200000,3.281,635,655,Lawrence 1984,2.1374045801526718,Annealing
la02,annealing,25,25007,665,200000,3.333,635,655,Lawrence 1984,1.5267175572519083,Annealing
la02,annealing,26,26007,671,200000,3.24,635,655,Lawrence 1984,2.4427480916030535,Annealing
la02,annealing,27,27007,665,200000,3.311,635,655,Lawrence 1984,1.5267175572519083,Annealing
la02,annealing,28,28007,655,200000,3.349,635,655,Lawrence 1984,0.0,Annealing
la02,annealing,29,29007,655,200000,3.323,635,655,Lawrence 1984,0.0,Annealing
la02,vns,0,7,655,200000,3.195,635,655,Lawrence 1984,0.0,VNS
la02,vns,1,1007,665,200000,3.256,635,655,Lawrence 1984,1.5267175572519083,VNS
la02,vns,2,2007,665,200000,3.183,635,655,Lawrence 1984,1.5267175572519083,VNS
la02,vns,3,3007,655,200000,3.198,635,655,Lawrence 1984,0.0,VNS
la02,vns,4,4007,655,200000,3.129,635,655,Lawrence 1984,0.0,VNS
la02,vns,5,5007,658,200000,3.16,635,655,Lawrence 1984,0.45801526717557256,VNS
la02,vns,6,6007,655,200000,3.198,635,655,Lawrence 1984,0.0,VNS
la02,vns,7,7007,665,200000,3.124,635,655,Lawrence 1984,1.5267175572519083,VNS
la02,vns,8,8007,667,200000,3.184,635,655,Lawrence 1984,1.8320610687022902,VNS
la02,vns,9,9007,655,200000,3.174,635,655,Lawrence 1984,0.0,VNS
la02,vns,10,10007,655,200000,3.162,635,655,Lawrence 1984,0.0,VNS
la02,vns,11,11007,655,200000,3.096,635,655,Lawrence 1984,0.0,VNS
la02,vns,12,12007,655,200000,3.255,635,655,Lawrence 1984,0.0,VNS
la02,vns,13,13007,667,200000,3.115,635,655,Lawrence 1984,1.8320610687022902,VNS
la02,vns,14,14007,655,200000,3.251,635,655,Lawrence 1984,0.0,VNS
la02,vns,15,15007,655,200000,2.676,635,655,Lawrence 1984,0.0,VNS
la02,vns,16,16007,672,200000,2.721,635,655,Lawrence 1984,2.595419847328244,VNS
la02,vns,17,17007,669,200000,2.734,635,655,Lawrence 1984,2.1374045801526718,VNS
la02,vns,18,18007,667,200000,2.769,635,655,Lawrence 1984,1.8320610687022902,VNS
la02,vns,19,19007,655,200000,2.74,635,655,Lawrence 1984,0.0,VNS
la02,vns,20,20007,667,200000,2.934,635,655,Lawrence 1984,1.8320610687022902,VNS
la02,vns,21,21007,655,200000,2.997,635,655,Lawrence 1984,0.0,VNS
la02,vns,22,22007,655,200000,3.477,635,655,Lawrence 1984,0.0,VNS
la02,vns,23,23007,655,200000,3.223,635,655,Lawrence 1984,0.0,VNS
la02,vns,24,24007,667,200000,3.364,635,655,Lawrence 1984,1.8320610687022902,VNS
la02,vns,25,25007,672,200000,2.994,635,655,Lawrence 1984,2.595419847328244,VNS
la02,vns,26,26007,655,200000,3.068,635,655,Lawrence 1984,0.0,VNS
la02,vns,27,27007,667,200000,3.237,635,655,Lawrence 1984,1.8320610687022902,VNS
la02,vns,28,28007,672,200000,3.018,635,655,Lawrence 1984,2.595419847328244,VNS
la02,vns,29,29007,655,200000,2.999,635,655,Lawrence 1984,0.0,VNS
la02,ga,0,7,666,200001,9.032,635,655,Lawrence 1984,1.6793893129770994,GA
la02,ga,1,1007,685,200001,8.633,635,655,Lawrence 1984,4.580152671755725,GA
la02,ga,2,2007,666,200001,8.525,635,655,Lawrence 1984,1.6793893129770994,GA
la02,ga,3,3007,667,200001,8.029,635,655,Lawrence 1984,1.8320610687022902,GA
la02,ga,4,4007,667,200001,7.99,635,655,Lawrence 1984,1.8320610687022902,GA
la02,ga,5,5007,705,200001,8.383,635,655,Lawrence 1984,7.633587786259542,GA
la02,ga,6,6007,666,200001,8.033,635,655,Lawrence 1984,1.6793893129770994,GA
la02,ga,7,7007,680,200001,8.786,635,655,Lawrence 1984,3.816793893129771,GA
la02,ga,8,8007,673,200001,9.488,635,655,Lawrence 1984,2.7480916030534353,GA
la02,ga,9,9007,677,200001,8.881,635,655,Lawrence 1984,3.3587786259541987,GA
la02,ga,10,10007,686,200001,8.056,635,655,Lawrence 1984,4.732824427480916,GA
la02,ga,11,11007,708,200001,8.241,635,655,Lawrence 1984,8.091603053435115,GA
la02,ga,12,12007,667,200001,8.131,635,655,Lawrence 1984,1.8320610687022902,GA
la02,ga,13,13007,675,200001,8.399,635,655,Lawrence 1984,3.0534351145038165,GA
la02,ga,14,14007,667,200001,8.837,635,655,Lawrence 1984,1.8320610687022902,GA
la02,ga,15,15007,667,200001,7.995,635,655,Lawrence 1984,1.8320610687022902,GA
la02,ga,16,16007,667,200001,8.376,635,655,Lawrence 1984,1.8320610687022902,GA
la02,ga,17,17007,683,200001,8.54,635,655,Lawrence 1984,4.2748091603053435,GA
la02,ga,18,18007,665,200001,8.553,635,655,Lawrence 1984,1.5267175572519083,GA
la02,ga,19,19007,672,200001,8.67,635,655,Lawrence 1984,2.595419847328244,GA
la02,ga,20,20007,665,200001,8.361,635,655,Lawrence 1984,1.5267175572519083,GA
la02,ga,21,21007,667,200001,8.684,635,655,Lawrence 1984,1.8320610687022902,GA
la02,ga,22,22007,671,200001,9.001,635,655,Lawrence 1984,2.4427480916030535,GA
la02,ga,23,23007,676,200001,8.393,635,655,Lawrence 1984,3.2061068702290076,GA
la02,ga,24,24007,678,200001,8.292,635,655,Lawrence 1984,3.5114503816793894,GA
la02,ga,25,25007,675,200001,8.445,635,655,Lawrence 1984,3.0534351145038165,GA
la02,ga,26,26007,667,200001,8.421,635,655,Lawrence 1984,1.8320610687022902,GA
la02,ga,27,27007,660,200001,8.622,635,655,Lawrence 1984,0.7633587786259541,GA
la02,ga,28,28007,665,200001,8.938,635,655,Lawrence 1984,1.5267175572519083,GA
la02,ga,29,29007,667,200001,8.997,635,655,Lawrence 1984,1.8320610687022902,GA
la03,local_search,0,7,619,200000,3.005,588,597,Lawrence 1984,3.6850921273031827,Loc. Search
la03,local_search,1,1007,628,200000,3.07,588,597,Lawrence 1984,5.192629815745393,Loc. Search
la03,local_search,2,2007,617,200000,3.094,588,597,Lawrence 1984,3.350083752093802,Loc. Search
la03,local_search,3,3007,627,200000,2.757,588,597,Lawrence 1984,5.025125628140704,Loc. Search
la03,local_search,4,4007,629,200000,2.835,588,597,Lawrence 1984,5.360134003350084,Loc. Search
la03,local_search,5,5007,617,200000,2.911,588,597,Lawrence 1984,3.350083752093802,Loc. Search
la03,local_search,6,6007,623,200000,3.061,588,597,Lawrence 1984,4.355108877721943,Loc. Search
la03,local_search,7,7007,632,200000,2.979,588,597,Lawrence 1984,5.8626465661641545,Loc. Search
la03,local_search,8,8007,626,200000,2.763,588,597,Lawrence 1984,4.857621440536013,Loc. Search
la03,local_search,9,9007,619,200000,2.832,588,597,Lawrence 1984,3.6850921273031827,Loc. Search
la03,local_search,10,10007,606,200000,2.976,588,597,Lawrence 1984,1.507537688442211,Loc. Search
la03,local_search,11,11007,638,200000,2.897,588,597,Lawrence 1984,6.867671691792294,Loc. Search
la03,local_search,12,12007,622,200000,2.736,588,597,Lawrence 1984,4.1876046901172534,Loc. Search
la03,local_search,13,13007,617,200000,2.883,588,597,Lawrence 1984,3.350083752093802,Loc. Search
la03,local_search,14,14007,627,200000,3.03,588,597,Lawrence 1984,5.025125628140704,Loc. Search
la03,local_search,15,15007,630,200000,2.744,588,597,Lawrence 1984,5.527638190954774,Loc. Search
la03,local_search,16,16007,626,200000,2.877,588,597,Lawrence 1984,4.857621440536013,Loc. Search
la03,local_search,17,17007,630,200000,3.09,588,597,Lawrence 1984,5.527638190954774,Loc. Search
la03,local_search,18,18007,622,200000,3.071,588,597,Lawrence 1984,4.1876046901172534,Loc. Search
la03,local_search,19,19007,603,200000,2.962,588,597,Lawrence 1984,1.0050251256281406,Loc. Search
la03,local_search,20,20007,628,200000,3.186,588,597,Lawrence 1984,5.192629815745393,Loc. Search
la03,local_search,21,21007,617,200000,3.05,588,597,Lawrence 1984,3.350083752093802,Loc. Search
la03,local_search,22,22007,630,200000,2.857,588,597,Lawrence 1984,5.527638190954774,Loc. Search
la03,local_search,23,23007,597,200000,2.84,588,597,Lawrence 1984,0.0,Loc. Search
la03,local_search,24,24007,626,200000,2.969,588,597,Lawrence 1984,4.857621440536013,Loc. Search
la03,local_search,25,25007,626,200000,2.875,588,597,Lawrence 1984,4.857621440536013,Loc. Search
la03,local_search,26,26007,635,200000,2.82,588,597,Lawrence 1984,6.365159128978225,Loc. Search
la03,local_search,27,27007,623,200000,2.851,588,597,Lawrence 1984,4.355108877721943,Loc. Search
la03,local_search,28,28007,646,200000,3.107,588,597,Lawrence 1984,8.207705192629817,Loc. Search
la03,local_search,29,29007,630,200000,3.06,588,597,Lawrence 1984,5.527638190954774,Loc. Search
la03,annealing,0,7,604,200000,3.357,588,597,Lawrence 1984,1.1725293132328307,Annealing
la03,annealing,1,1007,603,200000,3.448,588,597,Lawrence 1984,1.0050251256281406,Annealing
la03,annealing,2,2007,604,200000,3.128,588,597,Lawrence 1984,1.1725293132328307,Annealing
la03,annealing,3,3007,603,200000,2.959,588,597,Lawrence 1984,1.0050251256281406,Annealing
la03,annealing,4,4007,603,200000,3.257,588,597,Lawrence 1984,1.0050251256281406,Annealing
la03,annealing,5,5007,603,200000,3.301,588,597,Lawrence 1984,1.0050251256281406,Annealing
la03,annealing,6,6007,604,200000,4.306,588,597,Lawrence 1984,1.1725293132328307,Annealing
la03,annealing,7,7007,597,200000,3.943,588,597,Lawrence 1984,0.0,Annealing
la03,annealing,8,8007,597,200000,3.453,588,597,Lawrence 1984,0.0,Annealing
la03,annealing,9,9007,603,200000,4.707,588,597,Lawrence 1984,1.0050251256281406,Annealing
la03,annealing,10,10007,597,200000,3.505,588,597,Lawrence 1984,0.0,Annealing
la03,annealing,11,11007,597,200000,3.396,588,597,Lawrence 1984,0.0,Annealing
la03,annealing,12,12007,603,200000,3.477,588,597,Lawrence 1984,1.0050251256281406,Annealing
la03,annealing,13,13007,597,200000,3.438,588,597,Lawrence 1984,0.0,Annealing
la03,annealing,14,14007,603,200000,3.452,588,597,Lawrence 1984,1.0050251256281406,Annealing
la03,annealing,15,15007,597,200000,3.524,588,597,Lawrence 1984,0.0,Annealing
la03,annealing,16,16007,603,200000,3.659,588,597,Lawrence 1984,1.0050251256281406,Annealing
la03,annealing,17,17007,603,200000,3.596,588,597,Lawrence 1984,1.0050251256281406,Annealing
la03,annealing,18,18007,603,200000,3.854,588,597,Lawrence 1984,1.0050251256281406,Annealing
la03,annealing,19,19007,603,200000,3.7,588,597,Lawrence 1984,1.0050251256281406,Annealing
la03,annealing,20,20007,604,200000,3.679,588,597,Lawrence 1984,1.1725293132328307,Annealing
la03,annealing,21,21007,603,200000,3.779,588,597,Lawrence 1984,1.0050251256281406,Annealing
la03,annealing,22,22007,603,200000,3.815,588,597,Lawrence 1984,1.0050251256281406,Annealing
la03,annealing,23,23007,597,200000,3.748,588,597,Lawrence 1984,0.0,Annealing
la03,annealing,24,24007,604,200000,4.147,588,597,Lawrence 1984,1.1725293132328307,Annealing
la03,annealing,25,25007,603,200000,3.748,588,597,Lawrence 1984,1.0050251256281406,Annealing
la03,annealing,26,26007,604,200000,3.817,588,597,Lawrence 1984,1.1725293132328307,Annealing
la03,annealing,27,27007,597,200000,3.719,588,597,Lawrence 1984,0.0,Annealing
la03,annealing,28,28007,603,200000,3.725,588,597,Lawrence 1984,1.0050251256281406,Annealing
la03,annealing,29,29007,617,200000,3.617,588,597,Lawrence 1984,3.350083752093802,Annealing
la03,vns,0,7,603,200000,3.288,588,597,Lawrence 1984,1.0050251256281406,VNS
la03,vns,1,1007,604,200000,3.262,588,597,Lawrence 1984,1.1725293132328307,VNS
la03,vns,2,2007,604,200000,3.332,588,597,Lawrence 1984,1.1725293132328307,VNS
la03,vns,3,3007,604,200000,3.32,588,597,Lawrence 1984,1.1725293132328307,VNS
la03,vns,4,4007,617,200000,3.271,588,597,Lawrence 1984,3.350083752093802,VNS
la03,vns,5,5007,603,200000,3.207,588,597,Lawrence 1984,1.0050251256281406,VNS
la03,vns,6,6007,597,200000,3.256,588,597,Lawrence 1984,0.0,VNS
la03,vns,7,7007,613,200000,3.294,588,597,Lawrence 1984,2.680067001675042,VNS
la03,vns,8,8007,617,200000,3.264,588,597,Lawrence 1984,3.350083752093802,VNS
la03,vns,9,9007,604,200000,3.395,588,597,Lawrence 1984,1.1725293132328307,VNS
la03,vns,10,10007,604,200000,3.381,588,597,Lawrence 1984,1.1725293132328307,VNS
la03,vns,11,11007,617,200000,3.437,588,597,Lawrence 1984,3.350083752093802,VNS
la03,vns,12,12007,604,200000,3.623,588,597,Lawrence 1984,1.1725293132328307,VNS
la03,vns,13,13007,617,200000,3.931,588,597,Lawrence 1984,3.350083752093802,VNS
la03,vns,14,14007,614,200000,3.932,588,597,Lawrence 1984,2.8475711892797317,VNS
la03,vns,15,15007,604,200000,3.546,588,597,Lawrence 1984,1.1725293132328307,VNS
la03,vns,16,16007,606,200000,3.578,588,597,Lawrence 1984,1.507537688442211,VNS
la03,vns,17,17007,605,200000,3.418,588,597,Lawrence 1984,1.340033500837521,VNS
la03,vns,18,18007,605,200000,3.341,588,597,Lawrence 1984,1.340033500837521,VNS
la03,vns,19,19007,614,200000,3.302,588,597,Lawrence 1984,2.8475711892797317,VNS
la03,vns,20,20007,597,200000,3.416,588,597,Lawrence 1984,0.0,VNS
la03,vns,21,21007,620,200000,3.247,588,597,Lawrence 1984,3.8525963149078724,VNS
la03,vns,22,22007,603,200000,3.229,588,597,Lawrence 1984,1.0050251256281406,VNS
la03,vns,23,23007,604,200000,3.226,588,597,Lawrence 1984,1.1725293132328307,VNS
la03,vns,24,24007,605,200000,3.187,588,597,Lawrence 1984,1.340033500837521,VNS
la03,vns,25,25007,620,200000,3.154,588,597,Lawrence 1984,3.8525963149078724,VNS
la03,vns,26,26007,604,200000,3.044,588,597,Lawrence 1984,1.1725293132328307,VNS
la03,vns,27,27007,597,200000,3.078,588,597,Lawrence 1984,0.0,VNS
la03,vns,28,28007,617,200000,3.083,588,597,Lawrence 1984,3.350083752093802,VNS
la03,vns,29,29007,605,200000,3.056,588,597,Lawrence 1984,1.340033500837521,VNS
la03,ga,0,7,627,200001,9.124,588,597,Lawrence 1984,5.025125628140704,GA
la03,ga,1,1007,626,200001,9.031,588,597,Lawrence 1984,4.857621440536013,GA
la03,ga,2,2007,630,200001,9.174,588,597,Lawrence 1984,5.527638190954774,GA
la03,ga,3,3007,632,200001,8.87,588,597,Lawrence 1984,5.8626465661641545,GA
la03,ga,4,4007,617,200001,8.776,588,597,Lawrence 1984,3.350083752093802,GA
la03,ga,5,5007,639,200001,8.666,588,597,Lawrence 1984,7.035175879396985,GA
la03,ga,6,6007,617,200001,8.691,588,597,Lawrence 1984,3.350083752093802,GA
la03,ga,7,7007,617,200001,8.81,588,597,Lawrence 1984,3.350083752093802,GA
la03,ga,8,8007,622,200001,9.053,588,597,Lawrence 1984,4.1876046901172534,GA
la03,ga,9,9007,627,200001,9.252,588,597,Lawrence 1984,5.025125628140704,GA
la03,ga,10,10007,635,200001,9.264,588,597,Lawrence 1984,6.365159128978225,GA
la03,ga,11,11007,620,200001,9.001,588,597,Lawrence 1984,3.8525963149078724,GA
la03,ga,12,12007,619,200001,8.866,588,597,Lawrence 1984,3.6850921273031827,GA
la03,ga,13,13007,626,200001,8.704,588,597,Lawrence 1984,4.857621440536013,GA
la03,ga,14,14007,615,200001,8.996,588,597,Lawrence 1984,3.015075376884422,GA
la03,ga,15,15007,603,200001,9.058,588,597,Lawrence 1984,1.0050251256281406,GA
la03,ga,16,16007,635,200001,9.391,588,597,Lawrence 1984,6.365159128978225,GA
la03,ga,17,17007,641,200001,9.354,588,597,Lawrence 1984,7.370184254606365,GA
la03,ga,18,18007,623,200001,9.647,588,597,Lawrence 1984,4.355108877721943,GA
la03,ga,19,19007,620,200001,9.297,588,597,Lawrence 1984,3.8525963149078724,GA
la03,ga,20,20007,620,200001,9.165,588,597,Lawrence 1984,3.8525963149078724,GA
la03,ga,21,21007,639,200001,9.313,588,597,Lawrence 1984,7.035175879396985,GA
la03,ga,22,22007,604,200001,9.006,588,597,Lawrence 1984,1.1725293132328307,GA
la03,ga,23,23007,633,200001,9.127,588,597,Lawrence 1984,6.030150753768844,GA
la03,ga,24,24007,634,200001,9.402,588,597,Lawrence 1984,6.197654941373535,GA
la03,ga,25,25007,619,200001,9.316,588,597,Lawrence 1984,3.6850921273031827,GA
la03,ga,26,26007,622,200001,9.201,588,597,Lawrence 1984,4.1876046901172534,GA
la03,ga,27,27007,604,200001,8.934,588,597,Lawrence 1984,1.1725293132328307,GA
la03,ga,28,28007,630,200001,8.73,588,597,Lawrence 1984,5.527638190954774,GA
la03,ga,29,29007,617,200001,8.858,588,597,Lawrence 1984,3.350083752093802,GA
la04,local_search,0,7,612,200000,2.92,537,590,Lawrence 1984,3.728813559322034,Loc. Search
la04,local_search,1,1007,624,200000,3.024,537,590,Lawrence 1984,5.762711864406779,Loc. Search
la04,local_search,2,2007,604,200000,2.98,537,590,Lawrence 1984,2.3728813559322033,Loc. Search
la04,local_search,3,3007,602,200000,2.989,537,590,Lawrence 1984,2.0338983050847457,Loc. Search
la04,local_search,4,4007,595,200000,2.899,537,590,Lawrence 1984,0.847457627118644,Loc. Search
la04,local_search,5,5007,600,200000,2.871,537,590,Lawrence 1984,1.694915254237288,Loc. Search
la04,local_search,6,6007,607,200000,2.875,537,590,Lawrence 1984,2.8813559322033897,Loc. Search
la04,local_search,7,7007,614,200000,2.913,537,590,Lawrence 1984,4.067796610169491,Loc. Search
la04,local_search,8,8007,604,200000,2.896,537,590,Lawrence 1984,2.3728813559322033,Loc. Search
la04,local_search,9,9007,611,200000,2.876,537,590,Lawrence 1984,3.5593220338983054,Loc. Search
la04,local_search,10,10007,607,200000,2.942,537,590,Lawrence 1984,2.8813559322033897,Loc. Search
la04,local_search,11,11007,611,200000,2.982,537,590,Lawrence 1984,3.5593220338983054,Loc. Search
la04,local_search,12,12007,611,200000,2.902,537,590,Lawrence 1984,3.5593220338983054,Loc. Search
la04,local_search,13,13007,605,200000,2.857,537,590,Lawrence 1984,2.5423728813559325,Loc. Search
la04,local_search,14,14007,595,200000,2.817,537,590,Lawrence 1984,0.847457627118644,Loc. Search
la04,local_search,15,15007,618,200000,2.828,537,590,Lawrence 1984,4.745762711864407,Loc. Search
la04,local_search,16,16007,607,200000,2.997,537,590,Lawrence 1984,2.8813559322033897,Loc. Search
la04,local_search,17,17007,607,200000,3.079,537,590,Lawrence 1984,2.8813559322033897,Loc. Search
la04,local_search,18,18007,611,200000,2.939,537,590,Lawrence 1984,3.5593220338983054,Loc. Search
la04,local_search,19,19007,607,200000,2.958,537,590,Lawrence 1984,2.8813559322033897,Loc. Search
la04,local_search,20,20007,607,200000,2.995,537,590,Lawrence 1984,2.8813559322033897,Loc. Search
la04,local_search,21,21007,594,200000,3.03,537,590,Lawrence 1984,0.6779661016949152,Loc. Search
la04,local_search,22,22007,611,200000,3.05,537,590,Lawrence 1984,3.5593220338983054,Loc. Search
la04,local_search,23,23007,598,200000,2.989,537,590,Lawrence 1984,1.3559322033898304,Loc. Search
la04,local_search,24,24007,601,200000,2.985,537,590,Lawrence 1984,1.864406779661017,Loc. Search
la04,local_search,25,25007,611,200000,3.104,537,590,Lawrence 1984,3.5593220338983054,Loc. Search
la04,local_search,26,26007,618,200000,3.247,537,590,Lawrence 1984,4.745762711864407,Loc. Search
la04,local_search,27,27007,607,200000,3.105,537,590,Lawrence 1984,2.8813559322033897,Loc. Search
la04,local_search,28,28007,607,200000,3.05,537,590,Lawrence 1984,2.8813559322033897,Loc. Search
la04,local_search,29,29007,620,200000,3.064,537,590,Lawrence 1984,5.084745762711865,Loc. Search
la04,annealing,0,7,595,200000,3.228,537,590,Lawrence 1984,0.847457627118644,Annealing
la04,annealing,1,1007,597,200000,3.336,537,590,Lawrence 1984,1.1864406779661016,Annealing
la04,annealing,2,2007,590,200000,3.275,537,590,Lawrence 1984,0.0,Annealing
la04,annealing,3,3007,590,200000,3.208,537,590,Lawrence 1984,0.0,Annealing
la04,annealing,4,4007,601,200000,3.27,537,590,Lawrence 1984,1.864406779661017,Annealing
la04,annealing,5,5007,594,200000,3.247,537,590,Lawrence 1984,0.6779661016949152,Annealing
la04,annealing,6,6007,590,200000,3.4,537,590,Lawrence 1984,0.0,Annealing
la04,annealing,7,7007,593,200000,3.436,537,590,Lawrence 1984,0.5084745762711864,Annealing
la04,annealing,8,8007,590,200000,3.182,537,590,Lawrence 1984,0.0,Annealing
la04,annealing,9,9007,593,200000,3.15,537,590,Lawrence 1984,0.5084745762711864,Annealing
la04,annealing,10,10007,590,200000,3.282,537,590,Lawrence 1984,0.0,Annealing
la04,annealing,11,11007,596,200000,3.404,537,590,Lawrence 1984,1.0169491525423728,Annealing
la04,annealing,12,12007,590,200000,3.298,537,590,Lawrence 1984,0.0,Annealing
la04,annealing,13,13007,590,200000,3.446,537,590,Lawrence 1984,0.0,Annealing
la04,annealing,14,14007,590,200000,3.778,537,590,Lawrence 1984,0.0,Annealing
la04,annealing,15,15007,590,200000,3.456,537,590,Lawrence 1984,0.0,Annealing
la04,annealing,16,16007,590,200000,3.415,537,590,Lawrence 1984,0.0,Annealing
la04,annealing,17,17007,590,200000,3.353,537,590,Lawrence 1984,0.0,Annealing
la04,annealing,18,18007,595,200000,3.482,537,590,Lawrence 1984,0.847457627118644,Annealing
la04,annealing,19,19007,597,200000,3.51,537,590,Lawrence 1984,1.1864406779661016,Annealing
la04,annealing,20,20007,590,200000,3.255,537,590,Lawrence 1984,0.0,Annealing
la04,annealing,21,21007,590,200000,3.566,537,590,Lawrence 1984,0.0,Annealing
la04,annealing,22,22007,590,200000,3.339,537,590,Lawrence 1984,0.0,Annealing
la04,annealing,23,23007,590,200000,3.41,537,590,Lawrence 1984,0.0,Annealing
la04,annealing,24,24007,590,200000,3.051,537,590,Lawrence 1984,0.0,Annealing
la04,annealing,25,25007,590,200000,3.263,537,590,Lawrence 1984,0.0,Annealing
la04,annealing,26,26007,590,200000,3.165,537,590,Lawrence 1984,0.0,Annealing
la04,annealing,27,27007,590,200000,3.517,537,590,Lawrence 1984,0.0,Annealing
la04,annealing,28,28007,590,200000,3.304,537,590,Lawrence 1984,0.0,Annealing
la04,annealing,29,29007,590,200000,3.5,537,590,Lawrence 1984,0.0,Annealing
la04,vns,0,7,598,200000,3.158,537,590,Lawrence 1984,1.3559322033898304,VNS
la04,vns,1,1007,590,200000,3.132,537,590,Lawrence 1984,0.0,VNS
la04,vns,2,2007,593,200000,3.161,537,590,Lawrence 1984,0.5084745762711864,VNS
la04,vns,3,3007,598,200000,3.099,537,590,Lawrence 1984,1.3559322033898304,VNS
la04,vns,4,4007,595,200000,3.181,537,590,Lawrence 1984,0.847457627118644,VNS
la04,vns,5,5007,595,200000,3.262,537,590,Lawrence 1984,0.847457627118644,VNS
la04,vns,6,6007,590,200000,3.116,537,590,Lawrence 1984,0.0,VNS
la04,vns,7,7007,590,200000,3.253,537,590,Lawrence 1984,0.0,VNS
la04,vns,8,8007,593,200000,3.077,537,590,Lawrence 1984,0.5084745762711864,VNS
la04,vns,9,9007,590,200000,2.926,537,590,Lawrence 1984,0.0,VNS
la04,vns,10,10007,590,200000,2.731,537,590,Lawrence 1984,0.0,VNS
la04,vns,11,11007,595,200000,2.9,537,590,Lawrence 1984,0.847457627118644,VNS
la04,vns,12,12007,590,200000,3.016,537,590,Lawrence 1984,0.0,VNS
la04,vns,13,13007,593,200000,2.889,537,590,Lawrence 1984,0.5084745762711864,VNS
la04,vns,14,14007,593,200000,3.067,537,590,Lawrence 1984,0.5084745762711864,VNS
la04,vns,15,15007,590,200000,2.885,537,590,Lawrence 1984,0.0,VNS
la04,vns,16,16007,595,200000,3.08,537,590,Lawrence 1984,0.847457627118644,VNS
la04,vns,17,17007,590,200000,3.003,537,590,Lawrence 1984,0.0,VNS
la04,vns,18,18007,590,200000,2.959,537,590,Lawrence 1984,0.0,VNS
la04,vns,19,19007,598,200000,3.081,537,590,Lawrence 1984,1.3559322033898304,VNS
la04,vns,20,20007,598,200000,2.948,537,590,Lawrence 1984,1.3559322033898304,VNS
la04,vns,21,21007,598,200000,3.089,537,590,Lawrence 1984,1.3559322033898304,VNS
la04,vns,22,22007,603,200000,3.023,537,590,Lawrence 1984,2.2033898305084745,VNS
la04,vns,23,23007,607,200000,2.994,537,590,Lawrence 1984,2.8813559322033897,VNS
la04,vns,24,24007,590,200000,3.076,537,590,Lawrence 1984,0.0,VNS
la04,vns,25,25007,595,200000,2.966,537,590,Lawrence 1984,0.847457627118644,VNS
la04,vns,26,26007,595,200000,3.033,537,590,Lawrence 1984,0.847457627118644,VNS
la04,vns,27,27007,595,200000,3.153,537,590,Lawrence 1984,0.847457627118644,VNS
la04,vns,28,28007,590,200000,3.107,537,590,Lawrence 1984,0.0,VNS
la04,vns,29,29007,595,200000,3.096,537,590,Lawrence 1984,0.847457627118644,VNS
la04,ga,0,7,607,200001,9.373,537,590,Lawrence 1984,2.8813559322033897,GA
la04,ga,1,1007,600,200001,8.921,537,590,Lawrence 1984,1.694915254237288,GA
la04,ga,2,2007,595,200001,8.736,537,590,Lawrence 1984,0.847457627118644,GA
la04,ga,3,3007,596,200001,12.132,537,590,Lawrence 1984,1.0169491525423728,GA
la04,ga,4,4007,598,200001,15.248,537,590,Lawrence 1984,1.3559322033898304,GA
la04,ga,5,5007,607,200001,16.846,537,590,Lawrence 1984,2.8813559322033897,GA
la04,ga,6,6007,611,200001,9.367,537,590,Lawrence 1984,3.5593220338983054,GA
la04,ga,7,7007,598,200001,9.45,537,590,Lawrence 1984,1.3559322033898304,GA
la04,ga,8,8007,602,200001,8.682,537,590,Lawrence 1984,2.0338983050847457,GA
la04,ga,9,9007,607,200001,8.642,537,590,Lawrence 1984,2.8813559322033897,GA
la04,ga,10,10007,590,200001,8.944,537,590,Lawrence 1984,0.0,GA
la04,ga,11,11007,613,200001,8.426,537,590,Lawrence 1984,3.898305084745763,GA
la04,ga,12,12007,598,200001,9.019,537,590,Lawrence 1984,1.3559322033898304,GA
la04,ga,13,13007,595,200001,8.508,537,590,Lawrence 1984,0.847457627118644,GA
la04,ga,14,14007,611,200001,8.191,537,590,Lawrence 1984,3.5593220338983054,GA
la04,ga,15,15007,611,200001,8.328,537,590,Lawrence 1984,3.5593220338983054,GA
la04,ga,16,16007,618,200001,9.209,537,590,Lawrence 1984,4.745762711864407,GA
la04,ga,17,17007,601,200001,9.045,537,590,Lawrence 1984,1.864406779661017,GA
la04,ga,18,18007,598,200001,10.08,537,590,Lawrence 1984,1.3559322033898304,GA
la04,ga,19,19007,598,200001,12.497,537,590,Lawrence 1984,1.3559322033898304,GA
la04,ga,20,20007,606,200001,10.722,537,590,Lawrence 1984,2.711864406779661,GA
la04,ga,21,21007,593,200001,9.089,537,590,Lawrence 1984,0.5084745762711864,GA
la04,ga,22,22007,590,200001,9.097,537,590,Lawrence 1984,0.0,GA
la04,ga,23,23007,590,200001,8.704,537,590,Lawrence 1984,0.0,GA
la04,ga,24,24007,611,200001,9.503,537,590,Lawrence 1984,3.5593220338983054,GA
la04,ga,25,25007,598,200001,10.291,537,590,Lawrence 1984,1.3559322033898304,GA
la04,ga,26,26007,613,200001,9.469,537,590,Lawrence 1984,3.898305084745763,GA
la04,ga,27,27007,607,200001,9.645,537,590,Lawrence 1984,2.8813559322033897,GA
la04,ga,28,28007,598,200001,8.63,537,590,Lawrence 1984,1.3559322033898304,GA
la04,ga,29,29007,607,200001,9.204,537,590,Lawrence 1984,2.8813559322033897,GA
la05,local_search,0,7,593,200000,2.915,593,593,donja granica = optimum,0.0,Loc. Search
la05,local_search,1,1007,593,200000,2.785,593,593,donja granica = optimum,0.0,Loc. Search
la05,local_search,2,2007,593,200000,2.767,593,593,donja granica = optimum,0.0,Loc. Search
la05,local_search,3,3007,593,200000,2.826,593,593,donja granica = optimum,0.0,Loc. Search
la05,local_search,4,4007,593,200000,2.798,593,593,donja granica = optimum,0.0,Loc. Search
la05,local_search,5,5007,593,200000,2.779,593,593,donja granica = optimum,0.0,Loc. Search
la05,local_search,6,6007,593,200000,2.75,593,593,donja granica = optimum,0.0,Loc. Search
la05,local_search,7,7007,593,200000,2.726,593,593,donja granica = optimum,0.0,Loc. Search
la05,local_search,8,8007,593,200000,2.979,593,593,donja granica = optimum,0.0,Loc. Search
la05,local_search,9,9007,593,200000,2.942,593,593,donja granica = optimum,0.0,Loc. Search
la05,local_search,10,10007,593,200000,2.853,593,593,donja granica = optimum,0.0,Loc. Search
la05,local_search,11,11007,593,200000,3.01,593,593,donja granica = optimum,0.0,Loc. Search
la05,local_search,12,12007,593,200000,3.099,593,593,donja granica = optimum,0.0,Loc. Search
la05,local_search,13,13007,593,200000,2.426,593,593,donja granica = optimum,0.0,Loc. Search
la05,local_search,14,14007,593,200000,2.474,593,593,donja granica = optimum,0.0,Loc. Search
la05,local_search,15,15007,593,200000,3.022,593,593,donja granica = optimum,0.0,Loc. Search
la05,local_search,16,16007,593,200000,2.988,593,593,donja granica = optimum,0.0,Loc. Search
la05,local_search,17,17007,593,200000,3.089,593,593,donja granica = optimum,0.0,Loc. Search
la05,local_search,18,18007,593,200000,3.128,593,593,donja granica = optimum,0.0,Loc. Search
la05,local_search,19,19007,593,200000,3.089,593,593,donja granica = optimum,0.0,Loc. Search
la05,local_search,20,20007,593,200000,2.895,593,593,donja granica = optimum,0.0,Loc. Search
la05,local_search,21,21007,593,200000,3.045,593,593,donja granica = optimum,0.0,Loc. Search
la05,local_search,22,22007,593,200000,3.03,593,593,donja granica = optimum,0.0,Loc. Search
la05,local_search,23,23007,593,200000,3.219,593,593,donja granica = optimum,0.0,Loc. Search
la05,local_search,24,24007,593,200000,3.029,593,593,donja granica = optimum,0.0,Loc. Search
la05,local_search,25,25007,593,200000,2.98,593,593,donja granica = optimum,0.0,Loc. Search
la05,local_search,26,26007,593,200000,2.706,593,593,donja granica = optimum,0.0,Loc. Search
la05,local_search,27,27007,593,200000,2.927,593,593,donja granica = optimum,0.0,Loc. Search
la05,local_search,28,28007,593,200000,2.697,593,593,donja granica = optimum,0.0,Loc. Search
la05,local_search,29,29007,593,200000,2.766,593,593,donja granica = optimum,0.0,Loc. Search
la05,annealing,0,7,593,200000,3.288,593,593,donja granica = optimum,0.0,Annealing
la05,annealing,1,1007,593,200000,3.097,593,593,donja granica = optimum,0.0,Annealing
la05,annealing,2,2007,593,200000,3.018,593,593,donja granica = optimum,0.0,Annealing
la05,annealing,3,3007,593,200000,3.111,593,593,donja granica = optimum,0.0,Annealing
la05,annealing,4,4007,593,200000,3.05,593,593,donja granica = optimum,0.0,Annealing
la05,annealing,5,5007,593,200000,3.345,593,593,donja granica = optimum,0.0,Annealing
la05,annealing,6,6007,593,200000,3.186,593,593,donja granica = optimum,0.0,Annealing
la05,annealing,7,7007,593,200000,3.043,593,593,donja granica = optimum,0.0,Annealing
la05,annealing,8,8007,593,200000,3.286,593,593,donja granica = optimum,0.0,Annealing
la05,annealing,9,9007,593,200000,3.403,593,593,donja granica = optimum,0.0,Annealing
la05,annealing,10,10007,593,200000,4.069,593,593,donja granica = optimum,0.0,Annealing
la05,annealing,11,11007,593,200000,3.54,593,593,donja granica = optimum,0.0,Annealing
la05,annealing,12,12007,593,200000,3.139,593,593,donja granica = optimum,0.0,Annealing
la05,annealing,13,13007,593,200000,3.508,593,593,donja granica = optimum,0.0,Annealing
la05,annealing,14,14007,593,200000,3.36,593,593,donja granica = optimum,0.0,Annealing
la05,annealing,15,15007,593,200000,3.362,593,593,donja granica = optimum,0.0,Annealing
la05,annealing,16,16007,593,200000,3.408,593,593,donja granica = optimum,0.0,Annealing
la05,annealing,17,17007,593,200000,3.201,593,593,donja granica = optimum,0.0,Annealing
la05,annealing,18,18007,593,200000,3.084,593,593,donja granica = optimum,0.0,Annealing
la05,annealing,19,19007,593,200000,3.08,593,593,donja granica = optimum,0.0,Annealing
la05,annealing,20,20007,593,200000,3.61,593,593,donja granica = optimum,0.0,Annealing
la05,annealing,21,21007,593,200000,3.707,593,593,donja granica = optimum,0.0,Annealing
la05,annealing,22,22007,593,200000,3.69,593,593,donja granica = optimum,0.0,Annealing
la05,annealing,23,23007,593,200000,3.549,593,593,donja granica = optimum,0.0,Annealing
la05,annealing,24,24007,593,200000,3.644,593,593,donja granica = optimum,0.0,Annealing
la05,annealing,25,25007,593,200000,3.614,593,593,donja granica = optimum,0.0,Annealing
la05,annealing,26,26007,593,200000,3.492,593,593,donja granica = optimum,0.0,Annealing
la05,annealing,27,27007,593,200000,3.634,593,593,donja granica = optimum,0.0,Annealing
la05,annealing,28,28007,593,200000,3.515,593,593,donja granica = optimum,0.0,Annealing
la05,annealing,29,29007,593,200000,3.51,593,593,donja granica = optimum,0.0,Annealing
la05,vns,0,7,593,200000,2.908,593,593,donja granica = optimum,0.0,VNS
la05,vns,1,1007,593,200000,3.479,593,593,donja granica = optimum,0.0,VNS
la05,vns,2,2007,593,200000,3.7,593,593,donja granica = optimum,0.0,VNS
la05,vns,3,3007,593,200000,3.777,593,593,donja granica = optimum,0.0,VNS
la05,vns,4,4007,593,200000,3.554,593,593,donja granica = optimum,0.0,VNS
la05,vns,5,5007,593,200000,3.536,593,593,donja granica = optimum,0.0,VNS
la05,vns,6,6007,593,200000,3.735,593,593,donja granica = optimum,0.0,VNS
la05,vns,7,7007,593,200000,3.403,593,593,donja granica = optimum,0.0,VNS
la05,vns,8,8007,593,200000,3.436,593,593,donja granica = optimum,0.0,VNS
la05,vns,9,9007,593,200000,3.485,593,593,donja granica = optimum,0.0,VNS
la05,vns,10,10007,593,200000,3.442,593,593,donja granica = optimum,0.0,VNS
la05,vns,11,11007,593,200000,3.378,593,593,donja granica = optimum,0.0,VNS
la05,vns,12,12007,593,200000,3.479,593,593,donja granica = optimum,0.0,VNS
la05,vns,13,13007,593,200000,3.377,593,593,donja granica = optimum,0.0,VNS
la05,vns,14,14007,593,200000,3.444,593,593,donja granica = optimum,0.0,VNS
la05,vns,15,15007,593,200000,3.681,593,593,donja granica = optimum,0.0,VNS
la05,vns,16,16007,593,200000,3.577,593,593,donja granica = optimum,0.0,VNS
la05,vns,17,17007,593,200000,3.681,593,593,donja granica = optimum,0.0,VNS
la05,vns,18,18007,593,200000,3.496,593,593,donja granica = optimum,0.0,VNS
la05,vns,19,19007,593,200000,3.306,593,593,donja granica = optimum,0.0,VNS
la05,vns,20,20007,593,200000,3.274,593,593,donja granica = optimum,0.0,VNS
la05,vns,21,21007,593,200000,3.595,593,593,donja granica = optimum,0.0,VNS
la05,vns,22,22007,593,200000,3.298,593,593,donja granica = optimum,0.0,VNS
la05,vns,23,23007,593,200000,3.32,593,593,donja granica = optimum,0.0,VNS
la05,vns,24,24007,593,200000,3.667,593,593,donja granica = optimum,0.0,VNS
la05,vns,25,25007,593,200000,3.286,593,593,donja granica = optimum,0.0,VNS
la05,vns,26,26007,593,200000,3.419,593,593,donja granica = optimum,0.0,VNS
la05,vns,27,27007,593,200000,3.605,593,593,donja granica = optimum,0.0,VNS
la05,vns,28,28007,593,200000,3.286,593,593,donja granica = optimum,0.0,VNS
la05,vns,29,29007,593,200000,3.428,593,593,donja granica = optimum,0.0,VNS
la05,ga,0,7,593,200001,10.151,593,593,donja granica = optimum,0.0,GA
la05,ga,1,1007,593,200001,10.172,593,593,donja granica = optimum,0.0,GA
la05,ga,2,2007,593,200001,10.366,593,593,donja granica = optimum,0.0,GA
la05,ga,3,3007,593,200001,9.474,593,593,donja granica = optimum,0.0,GA
la05,ga,4,4007,593,200001,8.759,593,593,donja granica = optimum,0.0,GA
la05,ga,5,5007,593,200001,8.679,593,593,donja granica = optimum,0.0,GA
la05,ga,6,6007,593,200001,10.169,593,593,donja granica = optimum,0.0,GA
la05,ga,7,7007,593,200001,9.596,593,593,donja granica = optimum,0.0,GA
la05,ga,8,8007,593,200001,9.384,593,593,donja granica = optimum,0.0,GA
la05,ga,9,9007,593,200001,9.165,593,593,donja granica = optimum,0.0,GA
la05,ga,10,10007,593,200001,9.261,593,593,donja granica = optimum,0.0,GA
la05,ga,11,11007,593,200001,10.464,593,593,donja granica = optimum,0.0,GA
la05,ga,12,12007,593,200001,11.303,593,593,donja granica = optimum,0.0,GA
la05,ga,13,13007,593,200001,9.753,593,593,donja granica = optimum,0.0,GA
la05,ga,14,14007,593,200001,9.606,593,593,donja granica = optimum,0.0,GA
la05,ga,15,15007,593,200001,8.893,593,593,donja granica = optimum,0.0,GA
la05,ga,16,16007,593,200001,8.928,593,593,donja granica = optimum,0.0,GA
la05,ga,17,17007,593,200001,8.996,593,593,donja granica = optimum,0.0,GA
la05,ga,18,18007,593,200001,9.283,593,593,donja granica = optimum,0.0,GA
la05,ga,19,19007,593,200001,9.708,593,593,donja granica = optimum,0.0,GA
la05,ga,20,20007,593,200001,9.675,593,593,donja granica = optimum,0.0,GA
la05,ga,21,21007,593,200001,9.576,593,593,donja granica = optimum,0.0,GA
la05,ga,22,22007,593,200001,10.014,593,593,donja granica = optimum,0.0,GA
la05,ga,23,23007,593,200001,10.874,593,593,donja granica = optimum,0.0,GA
la05,ga,24,24007,593,200001,10.235,593,593,donja granica = optimum,0.0,GA
la05,ga,25,25007,593,200001,10.401,593,593,donja granica = optimum,0.0,GA
la05,ga,26,26007,593,200001,10.101,593,593,donja granica = optimum,0.0,GA
la05,ga,27,27007,593,200001,9.9,593,593,donja granica = optimum,0.0,GA
la05,ga,28,28007,593,200001,9.738,593,593,donja granica = optimum,0.0,GA
la05,ga,29,29007,593,200001,9.923,593,593,donja granica = optimum,0.0,GA
ft10,local_search,0,7,1060,200000,6.422,655,930,Fisher & Thompson 1963,13.978494623655912,Loc. Search
ft10,local_search,1,1007,1095,200000,8.803,655,930,Fisher & Thompson 1963,17.741935483870968,Loc. Search
ft10,local_search,2,2007,1054,200000,7.502,655,930,Fisher & Thompson 1963,13.333333333333334,Loc. Search
ft10,local_search,3,3007,1002,200000,7.784,655,930,Fisher & Thompson 1963,7.741935483870968,Loc. Search
ft10,local_search,4,4007,1063,200000,7.37,655,930,Fisher & Thompson 1963,14.301075268817204,Loc. Search
ft10,local_search,5,5007,1002,200000,7.431,655,930,Fisher & Thompson 1963,7.741935483870968,Loc. Search
ft10,local_search,6,6007,1026,200000,9.614,655,930,Fisher & Thompson 1963,10.32258064516129,Loc. Search
ft10,local_search,7,7007,1056,200000,6.16,655,930,Fisher & Thompson 1963,13.548387096774196,Loc. Search
ft10,local_search,8,8007,1086,200000,6.104,655,930,Fisher & Thompson 1963,16.7741935483871,Loc. Search
ft10,local_search,9,9007,1074,200000,5.86,655,930,Fisher & Thompson 1963,15.483870967741936,Loc. Search
ft10,local_search,10,10007,1024,200000,6.149,655,930,Fisher & Thompson 1963,10.10752688172043,Loc. Search
ft10,local_search,11,11007,1086,200000,5.997,655,930,Fisher & Thompson 1963,16.7741935483871,Loc. Search
ft10,local_search,12,12007,1109,200000,5.882,655,930,Fisher & Thompson 1963,19.247311827956988,Loc. Search
ft10,local_search,13,13007,1049,200000,5.614,655,930,Fisher & Thompson 1963,12.795698924731184,Loc. Search
ft10,local_search,14,14007,1084,200000,5.914,655,930,Fisher & Thompson 1963,16.559139784946236,Loc. Search
ft10,local_search,15,15007,1073,200000,5.83,655,930,Fisher & Thompson 1963,15.376344086021506,Loc. Search
ft10,local_search,16,16007,1071,200000,6.053,655,930,Fisher & Thompson 1963,15.161290322580644,Loc. Search
ft10,local_search,17,17007,1032,200000,5.762,655,930,Fisher & Thompson 1963,10.967741935483872,Loc. Search
ft10,local_search,18,18007,1053,200000,5.936,655,930,Fisher & Thompson 1963,13.225806451612904,Loc. Search
ft10,local_search,19,19007,1055,200000,5.911,655,930,Fisher & Thompson 1963,13.440860215053762,Loc. Search
ft10,local_search,20,20007,1065,200000,5.703,655,930,Fisher & Thompson 1963,14.516129032258066,Loc. Search
ft10,local_search,21,21007,1034,200000,5.706,655,930,Fisher & Thompson 1963,11.182795698924732,Loc. Search
ft10,local_search,22,22007,1056,200000,5.988,655,930,Fisher & Thompson 1963,13.548387096774196,Loc. Search
ft10,local_search,23,23007,1086,200000,5.921,655,930,Fisher & Thompson 1963,16.7741935483871,Loc. Search
ft10,local_search,24,24007,1120,200000,6.04,655,930,Fisher & Thompson 1963,20.43010752688172,Loc. Search
ft10,local_search,25,25007,1007,200000,5.83,655,930,Fisher & Thompson 1963,8.279569892473118,Loc. Search
ft10,local_search,26,26007,1075,200000,6.351,655,930,Fisher & Thompson 1963,15.591397849462366,Loc. Search
ft10,local_search,27,27007,1039,200000,5.306,655,930,Fisher & Thompson 1963,11.720430107526882,Loc. Search
ft10,local_search,28,28007,1057,200000,5.697,655,930,Fisher & Thompson 1963,13.655913978494624,Loc. Search
ft10,local_search,29,29007,1096,200000,6.326,655,930,Fisher & Thompson 1963,17.8494623655914,Loc. Search
ft10,annealing,0,7,951,200000,7.133,655,930,Fisher & Thompson 1963,2.258064516129032,Annealing
ft10,annealing,1,1007,951,200000,7.119,655,930,Fisher & Thompson 1963,2.258064516129032,Annealing
ft10,annealing,2,2007,951,200000,7.239,655,930,Fisher & Thompson 1963,2.258064516129032,Annealing
ft10,annealing,3,3007,966,200000,7.516,655,930,Fisher & Thompson 1963,3.870967741935484,Annealing
ft10,annealing,4,4007,971,200000,7.332,655,930,Fisher & Thompson 1963,4.408602150537634,Annealing
ft10,annealing,5,5007,952,200000,7.615,655,930,Fisher & Thompson 1963,2.3655913978494625,Annealing
ft10,annealing,6,6007,955,200000,7.208,655,930,Fisher & Thompson 1963,2.6881720430107525,Annealing
ft10,annealing,7,7007,962,200000,6.758,655,930,Fisher & Thompson 1963,3.4408602150537635,Annealing
ft10,annealing,8,8007,957,200000,6.815,655,930,Fisher & Thompson 1963,2.903225806451613,Annealing
ft10,annealing,9,9007,951,200000,6.589,655,930,Fisher & Thompson 1963,2.258064516129032,Annealing
ft10,annealing,10,10007,965,200000,6.175,655,930,Fisher & Thompson 1963,3.763440860215054,Annealing
ft10,annealing,11,11007,937,200000,6.84,655,930,Fisher & Thompson 1963,0.7526881720430108,Annealing
ft10,annealing,12,12007,961,200000,6.961,655,930,Fisher & Thompson 1963,3.3333333333333335,Annealing
ft10,annealing,13,13007,993,200000,6.763,655,930,Fisher & Thompson 1963,6.774193548387098,Annealing
ft10,annealing,14,14007,951,200000,7.022,655,930,Fisher & Thompson 1963,2.258064516129032,Annealing
ft10,annealing,15,15007,972,200000,7.035,655,930,Fisher & Thompson 1963,4.516129032258064,Annealing
ft10,annealing,16,16007,967,200000,6.976,655,930,Fisher & Thompson 1963,3.978494623655914,Annealing
ft10,annealing,17,17007,937,200000,7.169,655,930,Fisher & Thompson 1963,0.7526881720430108,Annealing
ft10,annealing,18,18007,937,200000,6.704,655,930,Fisher & Thompson 1963,0.7526881720430108,Annealing
ft10,annealing,19,19007,997,200000,7.439,655,930,Fisher & Thompson 1963,7.204301075268817,Annealing
ft10,annealing,20,20007,960,200000,6.781,655,930,Fisher & Thompson 1963,3.225806451612903,Annealing
ft10,annealing,21,21007,958,200000,7.08,655,930,Fisher & Thompson 1963,3.010752688172043,Annealing
ft10,annealing,22,22007,969,200000,7.099,655,930,Fisher & Thompson 1963,4.193548387096775,Annealing
ft10,annealing,23,23007,967,200000,7.097,655,930,Fisher & Thompson 1963,3.978494623655914,Annealing
ft10,annealing,24,24007,951,200000,7.042,655,930,Fisher & Thompson 1963,2.258064516129032,Annealing
ft10,annealing,25,25007,937,200000,7.199,655,930,Fisher & Thompson 1963,0.7526881720430108,Annealing
ft10,annealing,26,26007,955,200000,7.118,655,930,Fisher & Thompson 1963,2.6881720430107525,Annealing
ft10,annealing,27,27007,961,200000,6.929,655,930,Fisher & Thompson 1963,3.3333333333333335,Annealing
ft10,annealing,28,28007,976,200000,7.204,655,930,Fisher & Thompson 1963,4.946236559139785,Annealing
ft10,annealing,29,29007,957,200000,6.84,655,930,Fisher & Thompson 1963,2.903225806451613,Annealing
ft10,vns,0,7,1008,200000,6.701,655,930,Fisher & Thompson 1963,8.38709677419355,VNS
ft10,vns,1,1007,1058,200000,7.01,655,930,Fisher & Thompson 1963,13.763440860215054,VNS
ft10,vns,2,2007,1008,200000,8.144,655,930,Fisher & Thompson 1963,8.38709677419355,VNS
ft10,vns,3,3007,1041,200000,7.708,655,930,Fisher & Thompson 1963,11.935483870967742,VNS
ft10,vns,4,4007,1036,200000,8.295,655,930,Fisher & Thompson 1963,11.397849462365592,VNS
ft10,vns,5,5007,1038,200000,8.021,655,930,Fisher & Thompson 1963,11.612903225806452,VNS
ft10,vns,6,6007,1030,200000,8.002,655,930,Fisher & Thompson 1963,10.75268817204301,VNS
ft10,vns,7,7007,1025,200000,7.76,655,930,Fisher & Thompson 1963,10.21505376344086,VNS
ft10,vns,8,8007,1047,200000,7.697,655,930,Fisher & Thompson 1963,12.580645161290322,VNS
ft10,vns,9,9007,1023,200000,7.899,655,930,Fisher & Thompson 1963,10.0,VNS
ft10,vns,10,10007,1010,200000,7.066,655,930,Fisher & Thompson 1963,8.60215053763441,VNS
ft10,vns,11,11007,1045,200000,7.205,655,930,Fisher & Thompson 1963,12.365591397849462,VNS
ft10,vns,12,12007,1034,200000,7.153,655,930,Fisher & Thompson 1963,11.182795698924732,VNS
ft10,vns,13,13007,999,200000,7.168,655,930,Fisher & Thompson 1963,7.419354838709677,VNS
ft10,vns,14,14007,1079,200000,7.198,655,930,Fisher & Thompson 1963,16.021505376344088,VNS
ft10,vns,15,15007,1015,200000,7.158,655,930,Fisher & Thompson 1963,9.13978494623656,VNS
ft10,vns,16,16007,1032,200000,6.958,655,930,Fisher & Thompson 1963,10.967741935483872,VNS
ft10,vns,17,17007,1010,200000,6.896,655,930,Fisher & Thompson 1963,8.60215053763441,VNS
ft10,vns,18,18007,1003,200000,6.78,655,930,Fisher & Thompson 1963,7.849462365591398,VNS
ft10,vns,19,19007,971,200000,6.881,655,930,Fisher & Thompson 1963,4.408602150537634,VNS
ft10,vns,20,20007,1015,200000,6.665,655,930,Fisher & Thompson 1963,9.13978494623656,VNS
ft10,vns,21,21007,997,200000,6.697,655,930,Fisher & Thompson 1963,7.204301075268817,VNS
ft10,vns,22,22007,1045,200000,6.627,655,930,Fisher & Thompson 1963,12.365591397849462,VNS
ft10,vns,23,23007,1077,200000,6.308,655,930,Fisher & Thompson 1963,15.806451612903224,VNS
ft10,vns,24,24007,1003,200000,6.593,655,930,Fisher & Thompson 1963,7.849462365591398,VNS
ft10,vns,25,25007,1003,200000,6.752,655,930,Fisher & Thompson 1963,7.849462365591398,VNS
ft10,vns,26,26007,1045,200000,6.959,655,930,Fisher & Thompson 1963,12.365591397849462,VNS
ft10,vns,27,27007,1003,200000,6.724,655,930,Fisher & Thompson 1963,7.849462365591398,VNS
ft10,vns,28,28007,1021,200000,6.617,655,930,Fisher & Thompson 1963,9.78494623655914,VNS
ft10,vns,29,29007,992,200000,6.627,655,930,Fisher & Thompson 1963,6.666666666666667,VNS
ft10,ga,0,7,1044,200001,18.24,655,930,Fisher & Thompson 1963,12.258064516129032,GA
ft10,ga,1,1007,1025,200001,17.52,655,930,Fisher & Thompson 1963,10.21505376344086,GA
ft10,ga,2,2007,1045,200001,18.347,655,930,Fisher & Thompson 1963,12.365591397849462,GA
ft10,ga,3,3007,956,200001,19.367,655,930,Fisher & Thompson 1963,2.795698924731183,GA
ft10,ga,4,4007,1007,200001,19.275,655,930,Fisher & Thompson 1963,8.279569892473118,GA
ft10,ga,5,5007,1037,200001,20.012,655,930,Fisher & Thompson 1963,11.505376344086022,GA
ft10,ga,6,6007,1014,200001,21.454,655,930,Fisher & Thompson 1963,9.032258064516128,GA
ft10,ga,7,7007,1011,200001,21.595,655,930,Fisher & Thompson 1963,8.709677419354838,GA
ft10,ga,8,8007,1016,200001,17.043,655,930,Fisher & Thompson 1963,9.247311827956988,GA
ft10,ga,9,9007,1002,200001,16.166,655,930,Fisher & Thompson 1963,7.741935483870968,GA
ft10,ga,10,10007,1031,200001,15.994,655,930,Fisher & Thompson 1963,10.86021505376344,GA
ft10,ga,11,11007,1016,200001,15.363,655,930,Fisher & Thompson 1963,9.247311827956988,GA
ft10,ga,12,12007,1057,200001,15.726,655,930,Fisher & Thompson 1963,13.655913978494624,GA
ft10,ga,13,13007,1012,200001,15.854,655,930,Fisher & Thompson 1963,8.817204301075268,GA
ft10,ga,14,14007,1010,200001,17.925,655,930,Fisher & Thompson 1963,8.60215053763441,GA
ft10,ga,15,15007,1034,200001,17.682,655,930,Fisher & Thompson 1963,11.182795698924732,GA
ft10,ga,16,16007,1053,200001,17.604,655,930,Fisher & Thompson 1963,13.225806451612904,GA
ft10,ga,17,17007,1000,200001,15.723,655,930,Fisher & Thompson 1963,7.526881720430108,GA
ft10,ga,18,18007,1001,200001,17.413,655,930,Fisher & Thompson 1963,7.634408602150537,GA
ft10,ga,19,19007,974,200001,17.986,655,930,Fisher & Thompson 1963,4.731182795698925,GA
ft10,ga,20,20007,1086,200001,16.299,655,930,Fisher & Thompson 1963,16.7741935483871,GA
ft10,ga,21,21007,1017,200001,16.531,655,930,Fisher & Thompson 1963,9.35483870967742,GA
ft10,ga,22,22007,1014,200001,15.661,655,930,Fisher & Thompson 1963,9.032258064516128,GA
ft10,ga,23,23007,1028,200001,18.403,655,930,Fisher & Thompson 1963,10.53763440860215,GA
ft10,ga,24,24007,1085,200001,16.135,655,930,Fisher & Thompson 1963,16.666666666666664,GA
ft10,ga,25,25007,977,200001,15.851,655,930,Fisher & Thompson 1963,5.053763440860215,GA
ft10,ga,26,26007,998,200001,15.79,655,930,Fisher & Thompson 1963,7.311827956989248,GA
ft10,ga,27,27007,991,200001,15.395,655,930,Fisher & Thompson 1963,6.559139784946237,GA
ft10,ga,28,28007,1098,200001,15.812,655,930,Fisher & Thompson 1963,18.064516129032256,GA
ft10,ga,29,29007,1011,200001,16.089,655,930,Fisher & Thompson 1963,8.709677419354838,GA
ft20,local_search,0,7,1384,200000,6.275,1119,1165,Fisher & Thompson 1963,18.798283261802577,Loc. Search
ft20,local_search,1,1007,1343,200000,6.23,1119,1165,Fisher & Thompson 1963,15.278969957081545,Loc. Search
ft20,local_search,2,2007,1309,200000,5.642,1119,1165,Fisher & Thompson 1963,12.360515021459227,Loc. Search
ft20,local_search,3,3007,1339,200000,5.454,1119,1165,Fisher & Thompson 1963,14.935622317596566,Loc. Search
ft20,local_search,4,4007,1340,200000,5.548,1119,1165,Fisher & Thompson 1963,15.021459227467812,Loc. Search
ft20,local_search,5,5007,1250,200000,5.455,1119,1165,Fisher & Thompson 1963,7.296137339055794,Loc. Search
ft20,local_search,6,6007,1252,200000,5.565,1119,1165,Fisher & Thompson 1963,7.467811158798283,Loc. Search
ft20,local_search,7,7007,1295,200000,5.359,1119,1165,Fisher & Thompson 1963,11.158798283261802,Loc. Search
ft20,local_search,8,8007,1257,200000,5.248,1119,1165,Fisher & Thompson 1963,7.896995708154507,Loc. Search
ft20,local_search,9,9007,1331,200000,5.455,1119,1165,Fisher & Thompson 1963,14.24892703862661,Loc. Search
ft20,local_search,10,10007,1294,200000,5.887,1119,1165,Fisher & Thompson 1963,11.072961373390559,Loc. Search
ft20,local_search,11,11007,1287,200000,5.688,1119,1165,Fisher & Thompson 1963,10.472103004291846,Loc. Search
ft20,local_search,12,12007,1309,200000,5.563,1119,1165,Fisher & Thompson 1963,12.360515021459227,Loc. Search
ft20,local_search,13,13007,1366,200000,5.985,1119,1165,Fisher & Thompson 1963,17.253218884120173,Loc. Search
ft20,local_search,14,14007,1372,200000,5.821,1119,1165,Fisher & Thompson 1963,17.76824034334764,Loc. Search
ft20,local_search,15,15007,1346,200000,6.059,1119,1165,Fisher & Thompson 1963,15.536480686695278,Loc. Search
ft20,local_search,16,16007,1342,200000,5.873,1119,1165,Fisher & Thompson 1963,15.1931330472103,Loc. Search
ft20,local_search,17,17007,1338,200000,5.603,1119,1165,Fisher & Thompson 1963,14.84978540772532,Loc. Search
ft20,local_search,18,18007,1340,200000,5.647,1119,1165,Fisher & Thompson 1963,15.021459227467812,Loc. Search
ft20,local_search,19,19007,1282,200000,5.737,1119,1165,Fisher & Thompson 1963,10.042918454935622,Loc. Search
ft20,local_search,20,20007,1249,200000,5.523,1119,1165,Fisher & Thompson 1963,7.210300429184549,Loc. Search
ft20,local_search,21,21007,1389,200000,6.304,1119,1165,Fisher & Thompson 1963,19.2274678111588,Loc. Search
ft20,local_search,22,22007,1289,200000,5.76,1119,1165,Fisher & Thompson 1963,10.643776824034335,Loc. Search
ft20,local_search,23,23007,1290,200000,5.84,1119,1165,Fisher & Thompson 1963,10.72961373390558,Loc. Search
ft20,local_search,24,24007,1332,200000,6.814,1119,1165,Fisher & Thompson 1963,14.334763948497853,Loc. Search
ft20,local_search,25,25007,1296,200000,8.088,1119,1165,Fisher & Thompson 1963,11.244635193133048,Loc. Search
ft20,local_search,26,26007,1388,200000,6.767,1119,1165,Fisher & Thompson 1963,19.141630901287556,Loc. Search
ft20,local_search,27,27007,1322,200000,6.462,1119,1165,Fisher & Thompson 1963,13.47639484978541,Loc. Search
ft20,local_search,28,28007,1361,200000,6.425,1119,1165,Fisher & Thompson 1963,16.824034334763947,Loc. Search
ft20,local_search,29,29007,1311,200000,6.442,1119,1165,Fisher & Thompson 1963,12.532188841201716,Loc. Search
ft20,annealing,0,7,1180,200000,7.382,1119,1165,Fisher & Thompson 1963,1.2875536480686696,Annealing
ft20,annealing,1,1007,1192,200000,6.454,1119,1165,Fisher & Thompson 1963,2.317596566523605,Annealing
ft20,annealing,2,2007,1178,200000,6.798,1119,1165,Fisher & Thompson 1963,1.1158798283261802,Annealing
ft20,annealing,3,3007,1178,200000,7.036,1119,1165,Fisher & Thompson 1963,1.1158798283261802,Annealing
ft20,annealing,4,4007,1199,200000,5.483,1119,1165,Fisher & Thompson 1963,2.9184549356223175,Annealing
ft20,annealing,5,5007,1179,200000,5.748,1119,1165,Fisher & Thompson 1963,1.201716738197425,Annealing
ft20,annealing,6,6007,1178,200000,5.973,1119,1165,Fisher & Thompson 1963,1.1158798283261802,Annealing
ft20,annealing,7,7007,1178,200000,5.816,1119,1165,Fisher & Thompson 1963,1.1158798283261802,Annealing
ft20,annealing,8,8007,1180,200000,5.677,1119,1165,Fisher & Thompson 1963,1.2875536480686696,Annealing
ft20,annealing,9,9007,1165,200000,5.803,1119,1165,Fisher & Thompson 1963,0.0,Annealing
ft20,annealing,10,10007,1178,200000,6.143,1119,1165,Fisher & Thompson 1963,1.1158798283261802,Annealing
ft20,annealing,11,11007,1192,200000,6.257,1119,1165,Fisher & Thompson 1963,2.317596566523605,Annealing
ft20,annealing,12,12007,1178,200000,6.365,1119,1165,Fisher & Thompson 1963,1.1158798283261802,Annealing
ft20,annealing,13,13007,1173,200000,6.394,1119,1165,Fisher & Thompson 1963,0.6866952789699571,Annealing
ft20,annealing,14,14007,1182,200000,6.553,1119,1165,Fisher & Thompson 1963,1.4592274678111588,Annealing
ft20,annealing,15,15007,1178,200000,6.501,1119,1165,Fisher & Thompson 1963,1.1158798283261802,Annealing
ft20,annealing,16,16007,1195,200000,6.364,1119,1165,Fisher & Thompson 1963,2.575107296137339,Annealing
ft20,annealing,17,17007,1182,200000,5.421,1119,1165,Fisher & Thompson 1963,1.4592274678111588,Annealing
ft20,annealing,18,18007,1178,200000,5.92,1119,1165,Fisher & Thompson 1963,1.1158798283261802,Annealing
ft20,annealing,19,19007,1182,200000,6.239,1119,1165,Fisher & Thompson 1963,1.4592274678111588,Annealing
ft20,annealing,20,20007,1182,200000,6.265,1119,1165,Fisher & Thompson 1963,1.4592274678111588,Annealing
ft20,annealing,21,21007,1178,200000,6.372,1119,1165,Fisher & Thompson 1963,1.1158798283261802,Annealing
ft20,annealing,22,22007,1180,200000,6.389,1119,1165,Fisher & Thompson 1963,1.2875536480686696,Annealing
ft20,annealing,23,23007,1178,200000,6.308,1119,1165,Fisher & Thompson 1963,1.1158798283261802,Annealing
ft20,annealing,24,24007,1178,200000,5.632,1119,1165,Fisher & Thompson 1963,1.1158798283261802,Annealing
ft20,annealing,25,25007,1178,200000,5.652,1119,1165,Fisher & Thompson 1963,1.1158798283261802,Annealing
ft20,annealing,26,26007,1197,200000,5.783,1119,1165,Fisher & Thompson 1963,2.7467811158798283,Annealing
ft20,annealing,27,27007,1178,200000,5.783,1119,1165,Fisher & Thompson 1963,1.1158798283261802,Annealing
ft20,annealing,28,28007,1178,200000,5.459,1119,1165,Fisher & Thompson 1963,1.1158798283261802,Annealing
ft20,annealing,29,29007,1173,200000,6.196,1119,1165,Fisher & Thompson 1963,0.6866952789699571,Annealing
ft20,vns,0,7,1246,200000,5.934,1119,1165,Fisher & Thompson 1963,6.9527896995708165,VNS
ft20,vns,1,1007,1272,200000,5.963,1119,1165,Fisher & Thompson 1963,9.184549356223176,VNS
ft20,vns,2,2007,1326,200000,6.068,1119,1165,Fisher & Thompson 1963,13.819742489270388,VNS
ft20,vns,3,3007,1251,200000,5.38,1119,1165,Fisher & Thompson 1963,7.381974248927039,VNS
ft20,vns,4,4007,1256,200000,5.234,1119,1165,Fisher & Thompson 1963,7.8111587982832615,VNS
ft20,vns,5,5007,1258,200000,5.212,1119,1165,Fisher & Thompson 1963,7.982832618025751,VNS
ft20,vns,6,6007,1278,200000,5.198,1119,1165,Fisher & Thompson 1963,9.699570815450643,VNS
ft20,vns,7,7007,1257,200000,5.233,1119,1165,Fisher & Thompson 1963,7.896995708154507,VNS
ft20,vns,8,8007,1286,200000,5.754,1119,1165,Fisher & Thompson 1963,10.386266094420602,VNS
ft20,vns,9,9007,1208,200000,6.057,1119,1165,Fisher & Thompson 1963,3.6909871244635193,VNS
ft20,vns,10,10007,1249,200000,5.579,1119,1165,Fisher & Thompson 1963,7.210300429184549,VNS
ft20,vns,11,11007,1229,200000,5.736,1119,1165,Fisher & Thompson 1963,5.493562231759657,VNS
ft20,vns,12,12007,1233,200000,5.643,1119,1165,Fisher & Thompson 1963,5.836909871244635,VNS
ft20,vns,13,13007,1265,200000,5.86,1119,1165,Fisher & Thompson 1963,8.583690987124463,VNS
ft20,vns,14,14007,1218,200000,4.939,1119,1165,Fisher & Thompson 1963,4.549356223175965,VNS
ft20,vns,15,15007,1280,200000,5.201,1119,1165,Fisher & Thompson 1963,9.871244635193133,VNS
ft20,vns,16,16007,1245,200000,5.368,1119,1165,Fisher & Thompson 1963,6.866952789699571,VNS
ft20,vns,17,17007,1254,200000,5.421,1119,1165,Fisher & Thompson 1963,7.639484978540772,VNS
ft20,vns,18,18007,1220,200000,5.479,1119,1165,Fisher & Thompson 1963,4.721030042918455,VNS
ft20,vns,19,19007,1192,200000,5.845,1119,1165,Fisher & Thompson 1963,2.317596566523605,VNS
ft20,vns,20,20007,1201,200000,5.961,1119,1165,Fisher & Thompson 1963,3.0901287553648067,VNS
ft20,vns,21,21007,1273,200000,5.592,1119,1165,Fisher & Thompson 1963,9.27038626609442,VNS
ft20,vns,22,22007,1227,200000,5.374,1119,1165,Fisher & Thompson 1963,5.3218884120171674,VNS
ft20,vns,23,23007,1227,200000,5.746,1119,1165,Fisher & Thompson 1963,5.3218884120171674,VNS
ft20,vns,24,24007,1213,200000,5.769,1119,1165,Fisher & Thompson 1963,4.120171673819742,VNS
ft20,vns,25,25007,1260,200000,5.413,1119,1165,Fisher & Thompson 1963,8.15450643776824,VNS
ft20,vns,26,26007,1210,200000,5.263,1119,1165,Fisher & Thompson 1963,3.862660944206009,VNS
ft20,vns,27,27007,1277,200000,5.227,1119,1165,Fisher & Thompson 1963,9.6137339055794,VNS
ft20,vns,28,28007,1248,200000,5.427,1119,1165,Fisher & Thompson 1963,7.124463519313305,VNS
ft20,vns,29,29007,1215,200000,5.623,1119,1165,Fisher & Thompson 1963,4.291845493562231,VNS
ft20,ga,0,7,1221,200001,16.216,1119,1165,Fisher & Thompson 1963,4.8068669527897,GA
ft20,ga,1,1007,1196,200001,16.747,1119,1165,Fisher & Thompson 1963,2.6609442060085837,GA
ft20,ga,2,2007,1238,200001,17.108,1119,1165,Fisher & Thompson 1963,6.266094420600858,GA
ft20,ga,3,3007,1240,200001,15.713,1119,1165,Fisher & Thompson 1963,6.437768240343347,GA
ft20,ga,4,4007,1295,200001,15.676,1119,1165,Fisher & Thompson 1963,11.158798283261802,GA
ft20,ga,5,5007,1185,200001,16.017,1119,1165,Fisher & Thompson 1963,1.7167381974248928,GA
ft20,ga,6,6007,1216,200001,15.987,1119,1165,Fisher & Thompson 1963,4.377682403433476,GA
ft20,ga,7,7007,1233,200001,15.629,1119,1165,Fisher & Thompson 1963,5.836909871244635,GA
ft20,ga,8,8007,1224,200001,15.174,1119,1165,Fisher & Thompson 1963,5.064377682403434,GA
ft20,ga,9,9007,1244,200001,16.011,1119,1165,Fisher & Thompson 1963,6.7811158798283255,GA
ft20,ga,10,10007,1247,200001,15.095,1119,1165,Fisher & Thompson 1963,7.03862660944206,GA
ft20,ga,11,11007,1221,200001,15.137,1119,1165,Fisher & Thompson 1963,4.8068669527897,GA
ft20,ga,12,12007,1206,200001,15.524,1119,1165,Fisher & Thompson 1963,3.51931330472103,GA
ft20,ga,13,13007,1204,200001,16.03,1119,1165,Fisher & Thompson 1963,3.347639484978541,GA
ft20,ga,14,14007,1232,200001,15.623,1119,1165,Fisher & Thompson 1963,5.75107296137339,GA
ft20,ga,15,15007,1204,200001,18.749,1119,1165,Fisher & Thompson 1963,3.347639484978541,GA
ft20,ga,16,16007,1204,200001,20.517,1119,1165,Fisher & Thompson 1963,3.347639484978541,GA
ft20,ga,17,17007,1239,200001,19.36,1119,1165,Fisher & Thompson 1963,6.3519313304721035,GA
ft20,ga,18,18007,1219,200001,19.207,1119,1165,Fisher & Thompson 1963,4.63519313304721,GA
ft20,ga,19,19007,1205,200001,21.0,1119,1165,Fisher & Thompson 1963,3.4334763948497855,GA
ft20,ga,20,20007,1247,200001,21.575,1119,1165,Fisher & Thompson 1963,7.03862660944206,GA
ft20,ga,21,21007,1198,200001,17.049,1119,1165,Fisher & Thompson 1963,2.832618025751073,GA
ft20,ga,22,22007,1242,200001,16.153,1119,1165,Fisher & Thompson 1963,6.609442060085836,GA
ft20,ga,23,23007,1224,200001,15.501,1119,1165,Fisher & Thompson 1963,5.064377682403434,GA
ft20,ga,24,24007,1249,200001,16.463,1119,1165,Fisher & Thompson 1963,7.210300429184549,GA
ft20,ga,25,25007,1272,200001,14.868,1119,1165,Fisher & Thompson 1963,9.184549356223176,GA
ft20,ga,26,26007,1241,200001,16.324,1119,1165,Fisher & Thompson 1963,6.523605150214593,GA
ft20,ga,27,27007,1255,200001,16.653,1119,1165,Fisher & Thompson 1963,7.725321888412018,GA
ft20,ga,28,28007,1247,200001,15.45,1119,1165,Fisher & Thompson 1963,7.03862660944206,GA
ft20,ga,29,29007,1227,200001,15.795,1119,1165,Fisher & Thompson 1963,5.3218884120171674,GA
